origin,crs_dep_hour,departing_flights_per_hour
ABE,0,103
ABE,3,2
ABE,7,24
ABE,8,287
ABE,9,680
ABE,10,538
ABE,11,778
ABE,12,1052
ABE,13,368
ABE,14,473
ABE,15,347
ABE,16,803
ABE,17,1916
ABE,18,581
ABE,19,131
ABE,20,329
ABE,21,868
ABE,22,1229
ABE,23,1202
ABI,1,1
ABI,8,1
ABI,10,482
ABI,11,47
ABI,12,372
ABI,13,225
ABI,14,2
ABI,15,362
ABI,16,344
ABI,17,186
ABI,18,386
ABI,19,555
ABI,20,164
ABI,21,608
ABI,22,27
ABI,23,442
ABQ,0,1117
ABQ,1,267
ABQ,6,21
ABQ,7,425
ABQ,8,1469
ABQ,9,2706
ABQ,10,2739
ABQ,11,5223
ABQ,12,4329
ABQ,13,2861
ABQ,14,3621
ABQ,15,2974
ABQ,16,2519
ABQ,17,3640
ABQ,18,2146
ABQ,19,2908
ABQ,20,2417
ABQ,21,3082
ABQ,22,4153
ABQ,23,5116
ABR,12,711
ABR,15,28
ABR,16,11
ABR,20,16
ABR,21,25
ABR,22,12
ABR,23,658
ABY,0,2
ABY,11,691
ABY,12,3
ABY,14,27
ABY,15,55
ABY,16,284
ABY,17,215
ABY,18,2
ABY,19,62
ABY,20,57
ABY,21,110
ABY,22,488
ACK,7,176
ACK,8,94
ACK,9,315
ACK,10,214
ACK,11,373
ACK,12,138
ACK,13,161
ACK,14,351
ACK,15,57
ACK,16,275
ACK,17,134
ACK,18,65
ACK,19,52
ACK,20,14
ACK,21,69
ACT,8,1
ACT,9,277
ACT,10,367
ACT,11,42
ACT,12,236
ACT,13,429
ACT,15,22
ACT,16,462
ACT,17,51
ACT,18,624
ACT,19,38
ACT,21,181
ACT,22,100
ACT,23,444
ACV,0,58
ACV,9,63
ACV,10,961
ACV,11,42
ACV,12,57
ACV,14,9
ACV,15,49
ACV,16,13
ACV,17,597
ACV,18,30
ACV,19,155
ACV,20,228
ACV,21,419
ACV,22,97
ACV,23,511
ACY,0,127
ACY,9,303
ACY,10,19
ACY,11,718
ACY,12,699
ACY,13,112
ACY,14,38
ACY,15,24
ACY,16,454
ACY,17,865
ACY,18,78
ACY,19,264
ACY,20,123
ACY,21,521
ACY,22,597
ACY,23,1355
ADK,15,33
ADK,16,166
ADQ,6,49
ADQ,7,474
ADQ,15,66
ADQ,16,638
AEX,0,2
AEX,8,1
AEX,9,772
AEX,10,341
AEX,11,756
AEX,12,35
AEX,13,362
AEX,14,342
AEX,15,644
AEX,16,528
AEX,17,711
AEX,18,7
AEX,19,92
AEX,20,461
AEX,21,391
AEX,22,986
AEX,23,126
AGS,0,481
AGS,1,11
AGS,6,1
AGS,8,224
AGS,9,590
AGS,10,637
AGS,11,510
AGS,12,835
AGS,13,229
AGS,14,832
AGS,15,905
AGS,16,639
AGS,17,595
AGS,18,764
AGS,19,528
AGS,20,742
AGS,21,296
AGS,22,511
AGS,23,825
AKN,16,124
ALB,0,1611
ALB,1,230
ALB,3,3
ALB,7,40
ALB,8,553
ALB,9,1721
ALB,10,1908
ALB,11,2224
ALB,12,2649
ALB,13,1816
ALB,14,1983
ALB,15,1552
ALB,16,2908
ALB,17,2761
ALB,18,2080
ALB,19,874
ALB,20,1192
ALB,21,2290
ALB,22,1543
ALB,23,3769
ALO,9,1
ALO,12,542
ALO,13,90
ALO,14,14
ALO,15,1
ALO,17,1
ALO,18,6
ALO,19,1
ALO,21,648
ALO,22,17
ALW,10,88
ALW,11,261
ALW,12,343
ALW,18,401
ALW,20,30
ALW,22,614
AMA,0,1
AMA,1,4
AMA,9,714
AMA,10,540
AMA,11,1332
AMA,12,642
AMA,13,827
AMA,14,353
AMA,15,994
AMA,16,1084
AMA,17,828
AMA,18,387
AMA,19,604
AMA,20,882
AMA,21,145
AMA,22,1305
AMA,23,951
ANC,0,1250
ANC,1,869
ANC,2,650
ANC,3,580
ANC,4,914
ANC,5,454
ANC,6,778
ANC,7,369
ANC,8,1309
ANC,9,1960
ANC,10,1627
ANC,11,563
ANC,12,1490
ANC,13,2497
ANC,14,3661
ANC,15,2321
ANC,16,1436
ANC,17,1375
ANC,18,1570
ANC,19,1567
ANC,20,3283
ANC,21,2526
ANC,22,2951
ANC,23,2603
APN,9,2
APN,13,700
APN,22,368
APN,23,119
ART,7,1
ART,9,25
ART,10,149
ART,11,241
ART,12,219
ART,13,1
ART,14,15
ART,17,22
ART,18,1
ART,19,245
ART,20,28
ART,21,19
ART,22,338
ASE,8,177
ASE,9,203
ASE,10,1200
ASE,11,1402
ASE,12,1969
ASE,13,710
ASE,14,833
ASE,15,751
ASE,16,984
ASE,17,305
ASE,18,431
ASE,19,1008
ASE,20,837
ASE,21,1231
ASE,22,228
ATL,0,4888
ATL,1,439
ATL,2,4
ATL,3,7
ATL,4,568
ATL,5,4146
ATL,6,12374
ATL,7,42582
ATL,8,65074
ATL,9,55917
ATL,10,40195
ATL,11,43290
ATL,12,41161
ATL,13,47302
ATL,14,58472
ATL,15,48668
ATL,16,43615
ATL,17,37142
ATL,18,50668
ATL,19,51070
ATL,20,58248
ATL,21,45857
ATL,22,18177
ATL,23,10280
ATW,6,129
ATW,7,21
ATW,8,190
ATW,9,109
ATW,10,908
ATW,11,1316
ATW,12,876
ATW,13,457
ATW,14,750
ATW,15,126
ATW,16,2375
ATW,17,721
ATW,18,383
ATW,19,316
ATW,20,1653
ATW,21,1820
ATW,22,662
ATW,23,66
ATY,0,119
ATY,12,113
ATY,13,1
ATY,16,237
ATY,20,1
ATY,21,20
AUS,0,3655
AUS,1,920
AUS,2,7
AUS,3,10
AUS,4,180
AUS,5,1131
AUS,6,125
AUS,7,1285
AUS,8,3922
AUS,9,5932
AUS,10,6713
AUS,11,9623
AUS,12,8070
AUS,13,8260
AUS,14,6330
AUS,15,8267
AUS,16,8098
AUS,17,8951
AUS,18,9043
AUS,19,5245
AUS,20,7152
AUS,21,5360
AUS,22,9096
AUS,23,11555
AVL,0,2
AVL,1,9
AVL,5,2
AVL,7,71
AVL,8,637
AVL,9,1337
AVL,10,978
AVL,11,1068
AVL,12,1422
AVL,13,834
AVL,14,1212
AVL,15,1216
AVL,16,1068
AVL,17,1750
AVL,18,1149
AVL,19,1040
AVL,20,793
AVL,21,1463
AVL,22,791
AVL,23,1339
AVP,0,307
AVP,1,5
AVP,3,3
AVP,8,208
AVP,9,371
AVP,10,116
AVP,11,869
AVP,12,388
AVP,13,617
AVP,14,617
AVP,15,115
AVP,16,1175
AVP,17,933
AVP,18,1072
AVP,19,173
AVP,20,447
AVP,21,1832
AVP,22,993
AVP,23,778
AZA,0,3
AZA,2,1
AZA,7,9
AZA,8,131
AZA,9,159
AZA,10,368
AZA,11,672
AZA,12,1007
AZA,13,1283
AZA,14,989
AZA,15,630
AZA,16,576
AZA,17,473
AZA,18,320
AZA,19,417
AZA,20,783
AZA,21,1283
AZA,22,1207
AZA,23,576
AZO,0,15
AZO,2,2
AZO,9,569
AZO,10,655
AZO,11,9
AZO,12,7
AZO,13,1343
AZO,14,40
AZO,15,400
AZO,16,150
AZO,17,1051
AZO,18,504
AZO,19,1
AZO,20,182
AZO,21,718
AZO,22,498
AZO,23,1496
BDL,0,3095
BDL,1,603
BDL,2,13
BDL,3,4
BDL,4,2
BDL,5,480
BDL,6,343
BDL,7,408
BDL,8,1701
BDL,9,4097
BDL,10,2945
BDL,11,2325
BDL,12,4260
BDL,13,2718
BDL,14,3070
BDL,15,2328
BDL,16,4877
BDL,17,3778
BDL,18,4891
BDL,19,2298
BDL,20,2083
BDL,21,3211
BDL,22,3127
BDL,23,6379
BET,7,202
BET,11,370
BET,12,327
BET,20,709
BFF,13,1
BFF,14,128
BFF,15,249
BFF,16,130
BFF,21,658
BFL,0,2
BFL,8,2
BFL,10,86
BFL,11,1055
BFL,12,264
BFL,13,123
BFL,14,129
BFL,15,187
BFL,16,48
BFL,18,469
BFL,19,4
BFL,20,769
BFL,21,1315
BFL,22,114
BFL,23,160
BFM,9,3
BFM,10,21
BFM,11,13
BFM,12,29
BFM,13,2
BFM,14,3
BFM,17,10
BFM,18,73
BGM,9,2
BGM,10,68
BGM,11,189
BGM,12,326
BGM,14,5
BGM,16,56
BGM,17,533
BGM,21,14
BGM,22,331
BGM,23,314
BGR,0,30
BGR,8,58
BGR,9,453
BGR,10,500
BGR,11,1423
BGR,12,1260
BGR,13,380
BGR,14,909
BGR,15,877
BGR,16,882
BGR,17,810
BGR,18,312
BGR,19,88
BGR,20,163
BGR,21,772
BGR,22,923
BGR,23,1105
BHM,0,177
BHM,1,34
BHM,6,40
BHM,7,571
BHM,8,1590
BHM,9,2422
BHM,10,3150
BHM,11,1097
BHM,12,2115
BHM,13,2031
BHM,14,3877
BHM,15,1587
BHM,16,3772
BHM,17,2445
BHM,18,3448
BHM,19,1262
BHM,20,1906
BHM,21,4026
BHM,22,3323
BHM,23,1475
BIL,0,661
BIL,1,4
BIL,8,36
BIL,9,799
BIL,10,257
BIL,11,521
BIL,12,1812
BIL,13,462
BIL,14,645
BIL,15,350
BIL,16,364
BIL,17,993
BIL,18,464
BIL,19,473
BIL,20,614
BIL,21,708
BIL,22,247
BIL,23,1012
BIS,0,129
BIS,1,1
BIS,8,177
BIS,9,80
BIS,10,736
BIS,11,342
BIS,12,1227
BIS,13,784
BIS,14,696
BIS,15,594
BIS,16,1488
BIS,17,262
BIS,18,83
BIS,19,693
BIS,20,592
BIS,21,290
BIS,22,858
BIS,23,1065
BJI,9,6
BJI,12,722
BJI,15,6
BJI,17,1
BJI,18,14
BJI,20,14
BJI,21,37
BJI,22,4
BJI,23,661
BKG,9,4
BKG,11,4
BKG,12,30
BKG,13,41
BKG,15,13
BKG,16,63
BKG,17,21
BKG,18,67
BKG,20,49
BLI,0,632
BLI,7,8
BLI,8,282
BLI,9,588
BLI,10,159
BLI,11,204
BLI,12,80
BLI,13,387
BLI,14,715
BLI,15,731
BLI,16,153
BLI,17,132
BLI,18,344
BLI,19,627
BLI,20,286
BLI,21,654
BLI,22,576
BLI,23,387
BLV,7,104
BLV,8,291
BLV,9,160
BLV,10,91
BLV,11,52
BLV,12,81
BLV,13,152
BLV,14,248
BLV,15,167
BLV,16,205
BLV,17,62
BLV,18,77
BLV,19,246
BLV,20,71
BLV,21,8
BLV,22,1
BMI,1,2
BMI,2,1
BMI,7,164
BMI,8,132
BMI,9,734
BMI,10,307
BMI,11,332
BMI,12,104
BMI,13,74
BMI,14,797
BMI,15,81
BMI,16,762
BMI,17,338
BMI,18,58
BMI,19,110
BMI,20,514
BMI,21,498
BMI,22,707
BMI,23,349
BNA,0,1261
BNA,1,524
BNA,3,1
BNA,4,316
BNA,5,682
BNA,6,1904
BNA,7,7240
BNA,8,8764
BNA,9,11645
BNA,10,7999
BNA,11,7350
BNA,12,8366
BNA,13,8793
BNA,14,7858
BNA,15,8032
BNA,16,10838
BNA,17,8414
BNA,18,14145
BNA,19,7340
BNA,20,10716
BNA,21,9939
BNA,22,7254
BNA,23,7711
BOI,0,2075
BOI,1,37
BOI,7,264
BOI,8,1542
BOI,9,1507
BOI,10,3545
BOI,11,2393
BOI,12,2799
BOI,13,3590
BOI,14,3697
BOI,15,2294
BOI,16,1563
BOI,17,3323
BOI,18,2263
BOI,19,3719
BOI,20,2845
BOI,21,4576
BOI,22,3882
BOI,23,3961
BOS,0,10273
BOS,1,2146
BOS,2,17
BOS,3,14
BOS,4,1335
BOS,5,6375
BOS,6,5555
BOS,7,12813
BOS,8,12932
BOS,9,11247
BOS,10,17933
BOS,11,11727
BOS,12,15198
BOS,13,16799
BOS,14,16935
BOS,15,17645
BOS,16,18113
BOS,17,19120
BOS,18,17015
BOS,19,17556
BOS,20,15950
BOS,21,16307
BOS,22,16514
BOS,23,15996
BOS,24,10
BPT,1,1
BPT,9,33
BPT,10,85
BPT,11,309
BPT,12,190
BPT,13,29
BPT,15,285
BPT,16,126
BPT,17,73
BPT,19,1
BPT,20,17
BPT,21,233
BPT,22,323
BPT,23,72
BQK,0,2
BQK,11,680
BQK,12,31
BQK,13,2
BQK,15,24
BQK,16,597
BQK,20,641
BQK,21,60
BQK,22,14
BQN,0,1100
BQN,1,620
BQN,2,612
BQN,3,842
BQN,4,247
BQN,7,7
BQN,8,94
BQN,9,162
BQN,10,33
BQN,11,10
BQN,12,176
BQN,13,42
BQN,14,118
BQN,15,9
BQN,16,44
BQN,18,8
BQN,22,1
BQN,23,104
BRD,15,497
BRD,16,5
BRD,17,37
BRD,20,84
BRD,21,39
BRD,22,200
BRD,23,386
BRO,0,104
BRO,2,1
BRO,8,21
BRO,10,623
BRO,11,668
BRO,12,166
BRO,13,574
BRO,14,49
BRO,15,763
BRO,16,76
BRO,17,372
BRO,18,409
BRO,19,128
BRO,20,18
BRO,21,17
BRO,22,326
BRO,23,849
BRW,10,447
BRW,11,235
BRW,12,24
BRW,18,702
BRW,19,1
BTM,1,1
BTM,11,3
BTM,12,449
BTM,14,165
BTM,16,1
BTM,18,98
BTM,19,9
BTM,21,2
BTM,22,24
BTM,23,589
BTR,0,4
BTR,1,6
BTR,8,732
BTR,9,794
BTR,10,830
BTR,11,1621
BTR,12,202
BTR,13,1338
BTR,14,656
BTR,15,1087
BTR,16,197
BTR,17,1796
BTR,18,664
BTR,19,1025
BTR,20,1272
BTR,21,913
BTR,22,1014
BTR,23,832
BTV,0,646
BTV,2,2
BTV,7,51
BTV,8,403
BTV,9,1488
BTV,10,850
BTV,11,1507
BTV,12,2190
BTV,13,1263
BTV,14,1741
BTV,15,1107
BTV,16,1909
BTV,17,1356
BTV,18,1335
BTV,19,200
BTV,20,564
BTV,21,1290
BTV,22,2743
BTV,23,2325
BUF,0,2896
BUF,1,563
BUF,2,3
BUF,5,101
BUF,6,318
BUF,7,758
BUF,8,1566
BUF,9,2825
BUF,10,3780
BUF,11,3932
BUF,12,3625
BUF,13,2141
BUF,14,3732
BUF,15,3049
BUF,16,4935
BUF,17,4620
BUF,18,3732
BUF,19,1221
BUF,20,2544
BUF,21,2006
BUF,22,2069
BUF,23,6418
BUR,7,2433
BUR,8,3115
BUR,9,4510
BUR,10,3449
BUR,11,3552
BUR,12,4012
BUR,13,3715
BUR,14,3025
BUR,15,3775
BUR,16,3794
BUR,17,3249
BUR,18,3400
BUR,19,4196
BUR,20,4933
BUR,21,7535
BWI,0,7631
BWI,1,1343
BWI,2,1
BWI,3,3
BWI,4,823
BWI,5,1953
BWI,6,3092
BWI,7,11994
BWI,8,8108
BWI,9,12435
BWI,10,12448
BWI,11,9162
BWI,12,12720
BWI,13,10023
BWI,14,13344
BWI,15,13967
BWI,16,10486
BWI,17,10101
BWI,18,14719
BWI,19,11604
BWI,20,10524
BWI,21,13790
BWI,22,7099
BWI,23,10280
BWI,24,10
BZN,0,594
BZN,1,3
BZN,2,2
BZN,8,12
BZN,9,446
BZN,10,934
BZN,11,1585
BZN,12,2872
BZN,13,1493
BZN,14,530
BZN,15,1026
BZN,16,785
BZN,17,996
BZN,18,1073
BZN,19,408
BZN,20,684
BZN,21,821
BZN,22,614
BZN,23,887
CAE,0,1007
CAE,1,14
CAE,3,1
CAE,7,1
CAE,8,778
CAE,9,560
CAE,10,686
CAE,11,690
CAE,12,1397
CAE,13,1069
CAE,14,1552
CAE,15,1116
CAE,16,510
CAE,17,2450
CAE,18,1394
CAE,19,1288
CAE,20,1336
CAE,21,1743
CAE,22,895
CAE,23,2697
CAK,1,1
CAK,8,16
CAK,9,509
CAK,10,778
CAK,11,1204
CAK,12,462
CAK,13,952
CAK,14,1595
CAK,15,329
CAK,16,1198
CAK,17,817
CAK,18,370
CAK,19,1427
CAK,20,1795
CAK,21,1661
CAK,22,1087
CAK,23,1735
CDC,9,501
CDC,10,113
CDC,14,22
CDC,15,1
CDC,17,27
CDC,18,566
CDC,21,49
CDC,23,101
CDV,12,698
CDV,15,29
CDV,16,687
CGI,11,281
CGI,12,297
CGI,15,91
CGI,16,198
CGI,17,3
CGI,18,1
CGI,21,1
CGI,22,177
CGI,23,442
CHA,0,543
CHA,1,13
CHA,2,2
CHA,7,22
CHA,8,326
CHA,9,541
CHA,10,1813
CHA,11,1236
CHA,12,948
CHA,13,739
CHA,14,1446
CHA,15,1433
CHA,16,712
CHA,17,1514
CHA,18,788
CHA,19,1673
CHA,20,601
CHA,21,1835
CHA,22,1373
CHA,23,1632
CHO,0,20
CHO,1,10
CHO,3,3
CHO,8,62
CHO,9,179
CHO,10,1156
CHO,11,917
CHO,12,2037
CHO,13,788
CHO,14,1415
CHO,15,1195
CHO,16,109
CHO,17,917
CHO,18,1290
CHO,19,1501
CHO,20,1407
CHO,21,1160
CHO,22,927
CHO,23,1582
CHS,0,874
CHS,1,261
CHS,3,2
CHS,7,124
CHS,8,1297
CHS,9,2339
CHS,10,4421
CHS,11,2622
CHS,12,4395
CHS,13,3789
CHS,14,4243
CHS,15,2887
CHS,16,3069
CHS,17,3154
CHS,18,3450
CHS,19,3046
CHS,20,1272
CHS,21,2582
CHS,22,3052
CHS,23,4739
CID,1,9
CID,2,1
CID,5,1
CID,7,25
CID,8,690
CID,9,664
CID,10,1335
CID,11,2087
CID,12,1403
CID,13,890
CID,14,1751
CID,15,619
CID,16,2427
CID,17,1308
CID,18,736
CID,19,666
CID,20,714
CID,21,1284
CID,22,1849
CID,23,1725
CIU,9,2
CIU,10,5
CIU,13,15
CIU,15,574
CIU,17,2
CIU,21,37
CIU,22,64
CIU,23,608
CKB,7,12
CKB,8,21
CKB,9,19
CKB,10,9
CKB,11,4
CKB,12,7
CKB,13,629
CKB,14,19
CKB,15,29
CKB,16,49
CKB,18,188
CKB,19,227
CKB,20,350
CKB,23,54
CLE,0,4210
CLE,1,308
CLE,2,6
CLE,3,3
CLE,4,616
CLE,5,799
CLE,6,1081
CLE,7,799
CLE,8,3628
CLE,9,3302
CLE,10,6103
CLE,11,6918
CLE,12,4777
CLE,13,6369
CLE,14,6332
CLE,15,4816
CLE,16,7006
CLE,17,6844
CLE,18,8724
CLE,19,5301
CLE,20,5216
CLE,21,5014
CLE,22,5704
CLE,23,7818
CLE,24,8
CLL,0,1
CLL,1,3
CLL,8,77
CLL,9,251
CLL,10,509
CLL,11,200
CLL,12,69
CLL,13,334
CLL,14,283
CLL,15,710
CLL,16,7
CLL,17,539
CLL,18,89
CLL,19,33
CLL,20,24
CLL,21,594
CLL,22,656
CLL,23,69
CLT,0,2539
CLT,1,472
CLT,3,6
CLT,4,3
CLT,5,1114
CLT,6,33039
CLT,7,5911
CLT,8,54428
CLT,9,6367
CLT,10,56294
CLT,11,7829
CLT,12,41226
CLT,13,35632
CLT,14,15350
CLT,15,47735
CLT,16,16162
CLT,17,37986
CLT,18,19684
CLT,19,39439
CLT,20,13570
CLT,21,45686
CLT,22,2858
CLT,23,5824
CMH,0,2751
CMH,1,660
CMH,3,4
CMH,4,45
CMH,5,624
CMH,6,962
CMH,7,946
CMH,8,2569
CMH,9,4741
CMH,10,5331
CMH,11,6929
CMH,12,3526
CMH,13,5616
CMH,14,5238
CMH,15,6142
CMH,16,5497
CMH,17,8365
CMH,18,6700
CMH,19,4640
CMH,20,4123
CMH,21,4957
CMH,22,7327
CMH,23,8979
CMI,7,1
CMI,8,1
CMI,9,580
CMI,10,242
CMI,11,2
CMI,12,306
CMI,13,39
CMI,14,917
CMI,15,310
CMI,16,177
CMI,17,368
CMI,18,277
CMI,19,684
CMI,20,1082
CMI,21,637
CMI,22,39
CMX,12,685
CMX,22,1
CMX,23,659
CNY,9,369
CNY,10,16
CNY,11,22
CNY,12,59
CNY,13,3
CNY,14,36
CNY,15,31
CNY,16,3
CNY,17,463
COD,9,22
COD,10,304
COD,11,210
COD,12,478
COD,13,7
COD,14,63
COD,16,86
COD,17,169
COD,18,15
COD,19,68
COD,20,496
COD,21,157
COD,22,2
COD,23,44
COS,0,1
COS,1,6
COS,7,1
COS,8,346
COS,9,385
COS,10,1642
COS,11,2768
COS,12,1560
COS,13,261
COS,14,495
COS,15,1250
COS,16,1513
COS,17,1600
COS,18,1397
COS,19,2197
COS,20,1365
COS,21,2213
COS,22,1046
COS,23,1416
COU,0,30
COU,1,5
COU,2,2
COU,9,230
COU,10,145
COU,11,266
COU,12,254
COU,13,310
COU,14,889
COU,15,357
COU,17,278
COU,18,235
COU,19,144
COU,20,348
COU,21,829
COU,22,919
COU,23,524
CPR,0,2
CPR,9,98
CPR,10,310
CPR,11,707
CPR,12,393
CPR,13,10
CPR,14,303
CPR,16,480
CPR,17,212
CPR,18,109
CPR,19,289
CPR,20,409
CPR,21,553
CPR,23,455
CRP,0,2
CRP,1,6
CRP,8,494
CRP,9,536
CRP,10,932
CRP,11,1132
CRP,12,289
CRP,13,720
CRP,14,183
CRP,15,1244
CRP,16,263
CRP,17,1828
CRP,18,27
CRP,19,1070
CRP,20,579
CRP,21,400
CRP,22,839
CRP,23,607
CRW,0,2
CRW,2,1
CRW,8,461
CRW,9,95
CRW,10,815
CRW,11,1100
CRW,12,388
CRW,13,571
CRW,14,746
CRW,15,397
CRW,16,966
CRW,17,751
CRW,18,487
CRW,19,949
CRW,20,775
CRW,21,456
CRW,22,751
CRW,23,1110
CSG,0,2
CSG,10,181
CSG,11,535
CSG,13,1
CSG,14,524
CSG,15,13
CSG,16,16
CSG,17,341
CSG,18,194
CSG,19,52
CSG,20,529
CSG,21,131
CVG,0,1594
CVG,1,144
CVG,2,8
CVG,3,4
CVG,4,65
CVG,5,1953
CVG,6,949
CVG,7,849
CVG,8,2885
CVG,9,4521
CVG,10,6188
CVG,11,7404
CVG,12,5148
CVG,13,5595
CVG,14,7114
CVG,15,6647
CVG,16,7279
CVG,17,6567
CVG,18,5316
CVG,19,6869
CVG,20,4840
CVG,21,7170
CVG,22,6060
CVG,23,6438
CWA,1,2
CWA,8,152
CWA,9,557
CWA,10,119
CWA,11,751
CWA,12,670
CWA,13,108
CWA,14,353
CWA,15,677
CWA,16,678
CWA,17,178
CWA,18,56
CWA,19,3
CWA,20,1102
CWA,21,571
CWA,22,302
CWA,23,470
CYS,10,107
CYS,11,201
CYS,12,93
CYS,14,1
CYS,18,4
CYS,23,131
DAB,0,52
DAB,1,2
DAB,9,142
DAB,10,948
DAB,11,509
DAB,12,92
DAB,13,951
DAB,14,156
DAB,15,16
DAB,16,877
DAB,17,349
DAB,18,114
DAB,19,609
DAB,20,573
DAB,21,128
DAB,22,44
DAB,23,1191
DAL,6,2257
DAL,7,5608
DAL,8,8094
DAL,9,7819
DAL,10,6353
DAL,11,7924
DAL,12,8476
DAL,13,8952
DAL,14,8539
DAL,15,9652
DAL,16,8388
DAL,17,8851
DAL,18,8099
DAL,19,8561
DAL,20,10386
DAL,21,9017
DAL,22,9688
DAL,23,4946
DAY,0,551
DAY,1,6
DAY,3,1
DAY,8,415
DAY,9,1578
DAY,10,2932
DAY,11,1211
DAY,12,620
DAY,13,3205
DAY,14,1902
DAY,15,1758
DAY,16,1826
DAY,17,2461
DAY,18,2088
DAY,19,2358
DAY,20,2209
DAY,21,2797
DAY,22,1430
DAY,23,3946
DBQ,10,87
DBQ,11,589
DBQ,13,2
DBQ,14,32
DBQ,15,124
DBQ,16,431
DBQ,17,19
DBQ,18,1
DBQ,19,18
DBQ,21,636
DCA,0,1330
DCA,1,10
DCA,3,2
DCA,5,2
DCA,6,4446
DCA,7,15287
DCA,8,9478
DCA,9,18347
DCA,10,18610
DCA,11,13683
DCA,12,18015
DCA,13,18874
DCA,14,19774
DCA,15,15778
DCA,16,22087
DCA,17,11407
DCA,18,19704
DCA,19,15417
DCA,20,13545
DCA,21,19813
DCA,22,14285
DCA,23,8549
DEN,0,4419
DEN,1,1476
DEN,2,29
DEN,3,3
DEN,4,2826
DEN,5,20
DEN,6,15088
DEN,7,33965
DEN,8,38017
DEN,9,35515
DEN,10,45699
DEN,11,25529
DEN,12,33455
DEN,13,23488
DEN,14,41260
DEN,15,19889
DEN,16,42316
DEN,17,27481
DEN,18,37885
DEN,19,39861
DEN,20,16137
DEN,21,28788
DEN,22,16219
DEN,23,12707
DFW,0,3663
DFW,1,799
DFW,2,104
DFW,3,18
DFW,4,410
DFW,5,6713
DFW,6,15603
DFW,7,33247
DFW,8,21977
DFW,9,61248
DFW,10,13924
DFW,11,51800
DFW,12,20316
DFW,13,47366
DFW,14,19174
DFW,15,49372
DFW,16,18043
DFW,17,59747
DFW,18,18185
DFW,19,54265
DFW,20,11265
DFW,21,40755
DFW,22,10794
DFW,23,9877
DHN,10,720
DHN,12,10
DHN,13,657
DHN,14,30
DHN,15,13
DHN,16,10
DHN,17,571
DHN,18,9
DHN,19,311
DHN,20,402
DHN,23,2
DIK,14,306
DIK,15,235
DIK,18,24
DIK,19,101
DIK,21,512
DIK,22,46
DLG,15,163
DLH,9,88
DLH,10,1070
DLH,11,277
DLH,12,292
DLH,13,472
DLH,14,765
DLH,15,78
DLH,16,19
DLH,17,769
DLH,18,107
DLH,19,3
DLH,20,523
DLH,21,141
DLH,22,787
DLH,23,565
DRO,1,9
DRO,9,503
DRO,10,810
DRO,11,794
DRO,12,748
DRO,13,105
DRO,14,414
DRO,15,662
DRO,16,609
DRO,17,759
DRO,18,574
DRO,19,699
DRO,20,637
DRO,21,233
DRO,23,442
DRT,0,1
DRT,12,14
DRT,13,214
DRT,14,13
DRT,15,148
DRT,16,30
DRT,17,4
DRT,18,1
DRT,19,5
DRT,20,8
DRT,21,198
DRT,22,133
DRT,23,55
DSM,0,227
DSM,1,5
DSM,2,5
DSM,7,4
DSM,8,935
DSM,9,1527
DSM,10,1475
DSM,11,3167
DSM,12,2869
DSM,13,2555
DSM,14,1708
DSM,15,1371
DSM,16,4001
DSM,17,1811
DSM,18,1102
DSM,19,835
DSM,20,2338
DSM,21,3015
DSM,22,3079
DSM,23,2881
DTW,0,4748
DTW,1,704
DTW,2,16
DTW,3,8
DTW,4,158
DTW,5,2484
DTW,6,6081
DTW,7,29944
DTW,8,5037
DTW,9,24430
DTW,10,11615
DTW,11,35163
DTW,12,8209
DTW,13,16435
DTW,14,36688
DTW,15,20207
DTW,16,22081
DTW,17,10977
DTW,18,19967
DTW,19,46716
DTW,20,11423
DTW,21,19148
DTW,22,4939
DTW,23,10607
DTW,24,20
DUT,7,13
DUT,8,27
DUT,9,23
DUT,10,29
DUT,12,545
DUT,14,94
DUT,15,112
DUT,16,60
DUT,17,409
DUT,18,2
DUT,20,3
DVL,13,214
DVL,14,254
DVL,15,37
DVL,19,1
DVL,23,675
EAR,13,28
EAR,15,251
EAR,16,115
EAR,22,437
EAR,23,16
EAT,0,215
EAT,9,33
EAT,10,119
EAT,11,549
EAT,13,36
EAT,14,195
EAT,17,3
EAT,18,584
EAT,19,49
EAT,23,475
EAU,10,1
EAU,12,494
EAU,13,197
EAU,14,1
EAU,17,1
EAU,20,93
EAU,21,556
EAU,22,12
EAU,23,20
ECP,1,1
ECP,7,17
ECP,8,68
ECP,9,1209
ECP,10,435
ECP,11,1273
ECP,12,414
ECP,13,1282
ECP,14,1122
ECP,15,348
ECP,16,375
ECP,17,926
ECP,18,695
ECP,19,690
ECP,20,1094
ECP,21,1177
ECP,22,747
ECP,23,34
EGE,9,6
EGE,10,413
EGE,11,485
EGE,12,1157
EGE,13,557
EGE,14,364
EGE,15,283
EGE,16,151
EGE,17,134
EGE,18,31
EGE,19,79
EGE,20,432
EGE,21,342
EGE,22,85
EGE,23,22
EKO,13,269
EKO,14,323
EKO,17,14
EKO,20,557
EKO,21,27
EKO,22,117
EKO,23,1
ELM,8,60
ELM,9,189
ELM,10,178
ELM,11,613
ELM,12,25
ELM,13,301
ELM,14,419
ELM,15,306
ELM,16,256
ELM,17,908
ELM,18,490
ELM,19,381
ELM,20,40
ELM,21,533
ELM,22,490
ELM,23,16
ELP,0,978
ELP,1,69
ELP,2,3
ELP,6,162
ELP,7,517
ELP,8,995
ELP,9,1876
ELP,10,1707
ELP,11,3373
ELP,12,3016
ELP,13,2036
ELP,14,1828
ELP,15,2871
ELP,16,1621
ELP,17,3266
ELP,18,1147
ELP,19,1892
ELP,20,1341
ELP,21,2782
ELP,22,3411
ELP,23,2714
ERI,10,141
ERI,11,194
ERI,12,6
ERI,13,658
ERI,14,173
ERI,15,9
ERI,16,424
ERI,17,1339
ERI,18,57
ERI,19,5
ERI,20,35
ERI,21,572
ERI,22,561
ERI,23,708
ESC,9,456
ESC,10,94
ESC,13,28
ESC,15,5
ESC,17,569
ESC,18,51
EUG,0,963
EUG,1,70
EUG,7,33
EUG,8,415
EUG,9,393
EUG,10,1108
EUG,11,1385
EUG,12,1116
EUG,13,1208
EUG,14,1293
EUG,15,526
EUG,16,1279
EUG,17,639
EUG,18,1216
EUG,19,387
EUG,20,733
EUG,21,1135
EUG,22,1920
EUG,23,1349
EVV,1,3
EVV,7,19
EVV,8,55
EVV,9,841
EVV,10,1732
EVV,11,49
EVV,12,252
EVV,13,730
EVV,14,556
EVV,15,750
EVV,16,1546
EVV,17,301
EVV,18,74
EVV,19,266
EVV,20,1077
EVV,21,942
EVV,22,1190
EVV,23,405
EWN,0,3
EWN,1,1
EWN,8,527
EWN,9,3
EWN,10,179
EWN,11,121
EWN,12,368
EWN,13,752
EWN,14,244
EWN,15,422
EWN,16,37
EWN,17,338
EWN,18,232
EWN,19,339
EWN,20,37
EWN,21,990
EWN,22,12
EWN,23,398
EWR,0,6792
EWR,1,1652
EWR,2,343
EWR,3,5
EWR,4,856
EWR,5,5553
EWR,6,4826
EWR,7,22338
EWR,8,15308
EWR,9,15730
EWR,10,14794
EWR,11,13668
EWR,12,13499
EWR,13,15861
EWR,14,23875
EWR,15,17557
EWR,16,23685
EWR,17,16629
EWR,18,15016
EWR,19,19188
EWR,20,21996
EWR,21,15691
EWR,22,10870
EWR,23,13332
EYW,9,27
EYW,10,458
EYW,11,1802
EYW,12,1619
EYW,13,604
EYW,14,866
EYW,15,865
EYW,16,1255
EYW,17,479
EYW,18,791
EYW,19,784
EYW,21,175
EYW,22,468
EYW,23,123
FAI,0,1109
FAI,1,41
FAI,2,684
FAI,3,2
FAI,6,195
FAI,7,451
FAI,8,60
FAI,9,354
FAI,10,424
FAI,11,377
FAI,12,522
FAI,13,590
FAI,14,572
FAI,15,177
FAI,16,942
FAI,17,71
FAI,18,560
FAI,19,356
FAI,20,452
FAI,21,342
FAI,22,562
FAI,23,741
FAR,0,24
FAR,8,272
FAR,9,221
FAR,10,1323
FAR,11,734
FAR,12,1563
FAR,13,918
FAR,14,840
FAR,15,864
FAR,16,1300
FAR,17,719
FAR,18,694
FAR,19,313
FAR,20,494
FAR,21,1604
FAR,22,674
FAR,23,1711
FAT,0,173
FAT,7,37
FAT,8,791
FAT,9,1973
FAT,10,1016
FAT,11,2328
FAT,12,1592
FAT,13,764
FAT,14,285
FAT,15,2716
FAT,16,1722
FAT,17,1053
FAT,18,1991
FAT,19,1019
FAT,20,2817
FAT,21,2123
FAT,22,1336
FAT,23,830
FAY,0,11
FAY,1,1
FAY,8,531
FAY,9,634
FAY,10,182
FAY,11,334
FAY,12,768
FAY,13,678
FAY,14,458
FAY,15,842
FAY,16,40
FAY,17,593
FAY,18,927
FAY,19,503
FAY,20,434
FAY,21,378
FAY,22,442
FAY,23,918
FCA,0,459
FCA,9,13
FCA,10,399
FCA,11,570
FCA,12,1049
FCA,13,1658
FCA,14,651
FCA,15,154
FCA,16,869
FCA,17,757
FCA,18,187
FCA,19,250
FCA,20,251
FCA,21,822
FCA,22,168
FCA,23,797
FLG,0,1
FLG,1,2
FLG,9,473
FLG,10,458
FLG,11,64
FLG,12,215
FLG,13,126
FLG,14,243
FLG,15,157
FLG,16,36
FLG,17,383
FLG,18,177
FLG,19,543
FLG,20,111
FLG,21,30
FLG,22,476
FLG,23,136
FLL,0,4653
FLL,1,733
FLL,2,28
FLL,3,8
FLL,4,1678
FLL,5,4969
FLL,6,3330
FLL,7,3173
FLL,8,11195
FLL,9,19785
FLL,10,10139
FLL,11,11492
FLL,12,8154
FLL,13,11348
FLL,14,9589
FLL,15,9607
FLL,16,8217
FLL,17,7959
FLL,18,10843
FLL,19,10861
FLL,20,10064
FLL,21,11926
FLL,22,12494
FLL,23,10981
FLL,24,23
FLO,0,1
FLO,8,300
FLO,9,24
FLO,10,97
FLO,11,186
FLO,12,153
FLO,13,46
FLO,14,148
FLO,15,135
FLO,17,189
FLO,18,46
FLO,19,525
FLO,20,91
FLO,21,89
FLO,23,447
FNT,0,646
FNT,8,78
FNT,9,677
FNT,10,970
FNT,11,702
FNT,12,378
FNT,13,397
FNT,14,374
FNT,15,325
FNT,16,895
FNT,17,1026
FNT,18,798
FNT,19,53
FNT,20,145
FNT,21,50
FNT,22,103
FNT,23,1631
FSD,0,1
FSD,2,5
FSD,8,85
FSD,9,195
FSD,10,1684
FSD,11,1300
FSD,12,1253
FSD,13,684
FSD,14,1258
FSD,15,363
FSD,16,1445
FSD,17,1670
FSD,18,566
FSD,19,525
FSD,20,1027
FSD,21,2034
FSD,22,1067
FSD,23,1054
FSM,0,2
FSM,1,3
FSM,9,242
FSM,10,398
FSM,11,183
FSM,13,484
FSM,14,238
FSM,15,544
FSM,17,454
FSM,18,196
FSM,19,56
FSM,20,95
FSM,21,125
FSM,22,592
FSM,23,512
FWA,0,1
FWA,1,2
FWA,8,161
FWA,9,285
FWA,10,1328
FWA,11,350
FWA,12,81
FWA,13,1536
FWA,14,1040
FWA,15,1042
FWA,16,1021
FWA,17,433
FWA,18,546
FWA,19,488
FWA,20,2102
FWA,21,1693
FWA,22,1239
FWA,23,1491
GCC,10,19
GCC,11,80
GCC,12,596
GCC,14,1
GCC,16,16
GCC,17,119
GCC,18,44
GCC,19,1
GCC,20,40
GCC,21,42
GCC,22,3
GCC,23,607
GCK,0,1
GCK,13,597
GCK,14,78
GCK,16,1
GCK,17,31
GCK,18,10
GCK,19,1
GCK,20,13
GCK,22,666
GEG,0,1452
GEG,1,8
GEG,2,1
GEG,3,1
GEG,6,319
GEG,7,1595
GEG,8,1371
GEG,9,3049
GEG,10,2847
GEG,11,1364
GEG,12,4564
GEG,13,2099
GEG,14,2561
GEG,15,1623
GEG,16,2886
GEG,17,1556
GEG,18,2176
GEG,19,1228
GEG,20,3461
GEG,21,2054
GEG,22,3861
GEG,23,3360
GFK,0,16
GFK,9,9
GFK,10,337
GFK,11,86
GFK,12,757
GFK,13,116
GFK,14,573
GFK,15,102
GFK,16,461
GFK,17,235
GFK,18,21
GFK,19,675
GFK,20,51
GFK,21,67
GFK,22,4
GFK,23,627
GGG,9,33
GGG,10,138
GGG,11,13
GGG,12,327
GGG,13,131
GGG,15,147
GGG,17,348
GGG,18,38
GGG,19,2
GGG,21,382
GGG,22,43
GGG,23,85
GJT,0,61
GJT,1,4
GJT,2,10
GJT,7,3
GJT,8,246
GJT,9,173
GJT,10,1344
GJT,11,356
GJT,12,428
GJT,13,18
GJT,14,1305
GJT,15,392
GJT,16,756
GJT,17,445
GJT,18,642
GJT,19,186
GJT,20,302
GJT,21,1456
GJT,22,62
GJT,23,1081
GNV,0,111
GNV,8,44
GNV,9,763
GNV,10,382
GNV,11,554
GNV,12,233
GNV,13,747
GNV,14,799
GNV,15,1077
GNV,16,366
GNV,17,662
GNV,18,330
GNV,19,679
GNV,20,90
GNV,21,698
GNV,22,90
GNV,23,1954
GPT,6,7
GPT,7,39
GPT,8,19
GPT,9,662
GPT,10,217
GPT,11,910
GPT,12,738
GPT,13,391
GPT,14,406
GPT,15,804
GPT,16,229
GPT,17,679
GPT,18,480
GPT,19,138
GPT,20,378
GPT,21,1147
GPT,22,927
GPT,23,422
GRB,7,1
GRB,8,524
GRB,9,837
GRB,10,320
GRB,11,1236
GRB,12,1006
GRB,13,387
GRB,14,1052
GRB,15,337
GRB,16,1744
GRB,17,687
GRB,18,401
GRB,19,98
GRB,20,366
GRB,21,1575
GRB,22,1111
GRB,23,376
GRI,0,43
GRI,9,22
GRI,10,167
GRI,11,337
GRI,12,61
GRI,13,10
GRI,14,367
GRI,15,26
GRI,16,153
GRI,17,179
GRI,18,76
GRI,19,14
GRI,20,92
GRI,21,3
GRI,22,441
GRI,23,96
GRK,0,2
GRK,1,3
GRK,7,18
GRK,8,422
GRK,9,76
GRK,10,643
GRK,11,609
GRK,12,143
GRK,13,559
GRK,14,42
GRK,15,1072
GRK,16,88
GRK,17,464
GRK,18,77
GRK,19,672
GRK,20,14
GRK,21,117
GRK,22,595
GRK,23,618
GRR,0,970
GRR,1,33
GRR,8,608
GRR,9,1969
GRR,10,2931
GRR,11,1958
GRR,12,2931
GRR,13,3600
GRR,14,2291
GRR,15,2387
GRR,16,2421
GRR,17,3760
GRR,18,2303
GRR,19,2268
GRR,20,1496
GRR,21,1684
GRR,22,2566
GRR,23,5213
GSO,0,678
GSO,1,12
GSO,3,2
GSO,7,1
GSO,8,678
GSO,9,1621
GSO,10,2823
GSO,11,1581
GSO,12,2483
GSO,13,1874
GSO,14,2032
GSO,15,1267
GSO,16,2400
GSO,17,2986
GSO,18,2151
GSO,19,2171
GSO,20,1691
GSO,21,3218
GSO,22,2190
GSO,23,2587
GSP,0,645
GSP,3,3
GSP,7,50
GSP,8,733
GSP,9,1855
GSP,10,3395
GSP,11,1420
GSP,12,1588
GSP,13,1456
GSP,14,2182
GSP,15,2588
GSP,16,1943
GSP,17,2341
GSP,18,1626
GSP,19,2188
GSP,20,2111
GSP,21,1769
GSP,22,2884
GSP,23,2943
GST,17,164
GTF,0,206
GTF,8,4
GTF,9,92
GTF,10,111
GTF,11,847
GTF,12,544
GTF,13,493
GTF,14,270
GTF,15,283
GTF,16,240
GTF,17,600
GTF,18,29
GTF,19,121
GTF,20,283
GTF,21,1205
GTF,22,455
GTF,23,431
GTR,9,148
GTR,10,455
GTR,11,78
GTR,12,73
GTR,13,82
GTR,14,10
GTR,15,462
GTR,16,163
GTR,18,1
GTR,19,3
GTR,20,710
GTR,21,1
GTR,23,2
GUC,10,372
GUC,12,529
GUC,13,69
GUC,14,74
GUC,15,1
GUC,16,139
GUC,17,150
GUC,19,159
GUC,20,68
GUM,5,176
GUM,6,2
GUM,9,615
GUM,10,105
GUM,15,151
GUM,17,28
GUM,18,603
GUM,19,371
GUM,20,1
GUM,21,1
GUM,22,150
HDN,8,57
HDN,9,24
HDN,10,349
HDN,11,239
HDN,12,1038
HDN,13,304
HDN,14,257
HDN,15,60
HDN,16,208
HDN,17,123
HDN,18,64
HDN,19,467
HDN,20,104
HDN,21,107
HDN,23,20
HGR,8,70
HGR,9,45
HGR,11,20
HGR,13,3
HGR,14,52
HGR,15,40
HGR,16,13
HGR,17,16
HGR,18,3
HGR,19,11
HGR,20,46
HHH,0,16
HHH,1,1
HHH,8,12
HHH,9,209
HHH,10,663
HHH,11,42
HHH,12,88
HHH,13,67
HHH,14,753
HHH,15,16
HHH,16,33
HHH,17,297
HHH,18,106
HHH,19,534
HHH,20,26
HHH,21,211
HHH,23,94
HIB,12,518
HIB,20,8
HIB,21,665
HIB,22,43
HLN,0,16
HLN,1,1
HLN,11,128
HLN,12,716
HLN,13,124
HLN,14,350
HLN,15,585
HLN,16,133
HLN,17,529
HLN,18,37
HLN,19,139
HLN,20,65
HLN,21,1223
HLN,22,169
HLN,23,447
HNL,0,70
HNL,5,651
HNL,6,1079
HNL,7,4182
HNL,8,3718
HNL,9,4224
HNL,10,6092
HNL,11,10543
HNL,12,9851
HNL,13,8884
HNL,14,10814
HNL,15,5895
HNL,16,7507
HNL,17,5436
HNL,18,6885
HNL,19,6032
HNL,20,5780
HNL,21,6664
HNL,22,2700
HNL,23,1848
HOB,12,490
HOB,13,133
HOB,14,1
HOB,15,66
HOB,18,73
HOB,19,642
HOB,20,4
HOU,0,1565
HOU,1,912
HOU,6,289
HOU,7,9334
HOU,8,2247
HOU,9,10912
HOU,10,5257
HOU,11,4592
HOU,12,5478
HOU,13,10530
HOU,14,4911
HOU,15,6225
HOU,16,9291
HOU,17,5487
HOU,18,7736
HOU,19,7145
HOU,20,6018
HOU,21,8805
HOU,22,4257
HOU,23,4158
HPN,0,1
HPN,2,1
HPN,9,1666
HPN,10,1363
HPN,11,1771
HPN,12,590
HPN,13,1793
HPN,14,1593
HPN,15,1749
HPN,16,1403
HPN,17,1264
HPN,18,1255
HPN,19,425
HPN,20,2277
HPN,21,2829
HPN,22,2179
HPN,23,1038
HRL,0,103
HRL,9,632
HRL,10,395
HRL,11,1143
HRL,12,222
HRL,13,54
HRL,14,565
HRL,15,876
HRL,16,249
HRL,17,819
HRL,18,547
HRL,19,575
HRL,20,283
HRL,21,143
HRL,22,440
HRL,23,739
HSV,0,54
HSV,1,3
HSV,2,1
HSV,7,25
HSV,8,967
HSV,9,1280
HSV,10,1558
HSV,11,500
HSV,12,1738
HSV,13,1468
HSV,14,803
HSV,15,1502
HSV,16,1033
HSV,17,267
HSV,18,3644
HSV,19,306
HSV,20,1147
HSV,21,2214
HSV,22,1525
HSV,23,1067
HTS,1,1
HTS,7,60
HTS,8,154
HTS,9,153
HTS,10,490
HTS,11,94
HTS,12,124
HTS,13,85
HTS,14,325
HTS,15,503
HTS,16,75
HTS,17,18
HTS,18,5
HTS,19,54
HTS,20,198
HTS,21,531
HTS,23,128
HVN,8,1
HVN,9,135
HVN,10,66
HVN,11,356
HVN,12,224
HVN,13,14
HVN,14,15
HVN,16,161
HVN,17,274
HVN,18,74
HVN,19,106
HVN,21,30
HVN,22,471
HVN,23,20
HYA,8,1
HYA,10,5
HYA,12,164
HYS,6,403
HYS,7,97
HYS,8,1
HYS,9,1
HYS,11,1
HYS,13,531
HYS,14,112
HYS,15,192
HYS,16,228
HYS,17,70
HYS,22,602
IAD,0,3375
IAD,1,84
IAD,2,3
IAD,4,290
IAD,5,2867
IAD,6,3359
IAD,7,23066
IAD,8,769
IAD,9,2040
IAD,10,2564
IAD,11,33828
IAD,12,1703
IAD,13,1814
IAD,14,3444
IAD,15,18218
IAD,16,30842
IAD,17,4346
IAD,18,5484
IAD,19,2890
IAD,20,12409
IAD,21,21948
IAD,22,2627
IAD,23,4500
IAG,0,19
IAG,1,366
IAG,2,2
IAG,8,15
IAG,9,194
IAG,10,160
IAG,11,31
IAG,12,26
IAG,13,220
IAG,14,38
IAG,15,19
IAG,16,125
IAG,17,177
IAG,18,123
IAG,19,101
IAG,20,13
IAH,0,2816
IAH,1,530
IAH,2,32
IAH,3,3
IAH,4,196
IAH,5,2980
IAH,6,13826
IAH,7,1390
IAH,8,49589
IAH,9,3848
IAH,10,26058
IAH,11,19842
IAH,12,6123
IAH,13,40504
IAH,14,6624
IAH,15,29044
IAH,16,12392
IAH,17,33471
IAH,18,32108
IAH,19,9063
IAH,20,39853
IAH,21,4581
IAH,22,5519
IAH,23,8870
ICT,0,172
ICT,1,3
ICT,2,2
ICT,3,2
ICT,7,1
ICT,8,41
ICT,9,500
ICT,10,2621
ICT,11,1703
ICT,12,1426
ICT,13,1036
ICT,14,1976
ICT,15,1393
ICT,16,2225
ICT,17,2304
ICT,18,813
ICT,19,594
ICT,20,1101
ICT,21,1738
ICT,22,1815
ICT,23,1533
IDA,0,1
IDA,1,4
IDA,8,34
IDA,9,475
IDA,10,101
IDA,11,11
IDA,12,794
IDA,13,367
IDA,14,631
IDA,15,187
IDA,16,234
IDA,17,481
IDA,18,663
IDA,19,14
IDA,20,678
IDA,21,852
IDA,22,3
IDA,23,99
IFP,12,45
ILM,0,15
ILM,1,12
ILM,2,2
ILM,8,415
ILM,9,1586
ILM,10,1569
ILM,11,444
ILM,12,1795
ILM,13,786
ILM,14,750
ILM,15,1173
ILM,16,209
ILM,17,1621
ILM,18,603
ILM,19,1242
ILM,20,701
ILM,21,1518
ILM,22,589
ILM,23,1650
IMT,8,1
IMT,9,14
IMT,10,572
IMT,12,101
IMT,14,2
IMT,16,599
IND,0,3399
IND,1,1130
IND,2,10
IND,3,4
IND,4,31
IND,5,1197
IND,6,332
IND,7,167
IND,8,1185
IND,9,4250
IND,10,6577
IND,11,7005
IND,12,6062
IND,13,4184
IND,14,4909
IND,15,6805
IND,16,6103
IND,17,9337
IND,18,6308
IND,19,5886
IND,20,5061
IND,21,6654
IND,22,8400
IND,23,7082
INL,10,553
INL,12,21
INL,14,13
INL,16,333
INL,17,342
INL,18,14
IPT,9,102
IPT,10,212
IPT,11,1
IPT,12,74
IPT,13,240
IPT,15,129
IPT,16,87
IPT,17,26
IPT,18,31
IPT,19,5
IPT,21,34
IPT,22,480
ISN,10,245
ISN,11,365
ISN,12,560
ISN,13,143
ISN,14,177
ISN,16,552
ISN,17,91
ISN,19,2
ISN,20,14
ISN,21,2
ISN,22,815
ISN,23,397
ISP,0,196
ISP,1,43
ISP,5,1
ISP,6,82
ISP,7,42
ISP,8,268
ISP,9,501
ISP,10,1115
ISP,11,630
ISP,12,851
ISP,13,855
ISP,14,977
ISP,15,541
ISP,16,657
ISP,17,1058
ISP,18,603
ISP,19,433
ISP,20,300
ISP,21,1169
ISP,22,1479
ISP,23,1380
ITH,0,8
ITH,9,40
ITH,10,543
ITH,11,247
ITH,12,687
ITH,13,233
ITH,14,246
ITH,15,9
ITH,16,22
ITH,17,776
ITH,18,1056
ITH,19,48
ITH,20,1
ITH,21,160
ITH,22,702
ITH,23,796
ITO,5,711
ITO,6,341
ITO,7,767
ITO,8,987
ITO,9,1086
ITO,10,897
ITO,11,741
ITO,12,315
ITO,13,672
ITO,14,572
ITO,15,739
ITO,16,1085
ITO,17,799
ITO,18,886
ITO,19,1365
ITO,20,604
JAC,9,272
JAC,10,207
JAC,11,1024
JAC,12,2149
JAC,13,690
JAC,14,812
JAC,15,85
JAC,16,442
JAC,17,345
JAC,18,389
JAC,19,309
JAC,20,1157
JAC,21,1083
JAN,0,2
JAN,1,7
JAN,7,18
JAN,8,1059
JAN,9,641
JAN,10,1510
JAN,11,1455
JAN,12,744
JAN,13,1603
JAN,14,127
JAN,15,1728
JAN,16,78
JAN,17,1914
JAN,18,805
JAN,19,552
JAN,20,577
JAN,21,1749
JAN,22,884
JAN,23,792
JAX,0,1830
JAX,1,32
JAX,3,3
JAX,5,1
JAX,6,170
JAX,7,142
JAX,8,1227
JAX,9,2719
JAX,10,6917
JAX,11,6585
JAX,12,2295
JAX,13,4351
JAX,14,4018
JAX,15,3377
JAX,16,3621
JAX,17,3517
JAX,18,4983
JAX,19,4675
JAX,20,1545
JAX,21,4232
JAX,22,5191
JAX,23,5682
JFK,0,6981
JFK,1,816
JFK,2,28
JFK,3,87
JFK,4,844
JFK,5,9302
JFK,6,11258
JFK,7,16507
JFK,8,9275
JFK,9,9864
JFK,10,11820
JFK,11,7317
JFK,12,11737
JFK,13,14169
JFK,14,19741
JFK,15,14415
JFK,16,14073
JFK,17,14565
JFK,18,13414
JFK,19,9198
JFK,20,18180
JFK,21,13676
JFK,22,14786
JFK,23,9340
JFK,24,13
JHM,7,1
JHM,8,587
JHM,9,1
JHM,10,612
JHM,12,139
JHM,13,468
JHM,15,27
JHM,16,1
JHM,17,465
JLN,0,42
JLN,8,15
JLN,11,220
JLN,12,15
JLN,13,559
JLN,15,306
JLN,17,42
JLN,18,3
JLN,19,80
JLN,20,27
JLN,21,370
JLN,22,289
JLN,23,140
JMS,5,465
JMS,6,172
JMS,8,28
JMS,9,1
JMS,12,286
JMS,13,217
JMS,14,1
JMS,18,1
JMS,21,5
JMS,22,682
JNU,0,335
JNU,6,581
JNU,7,206
JNU,8,57
JNU,9,1364
JNU,10,15
JNU,11,71
JNU,12,1449
JNU,13,627
JNU,14,44
JNU,15,249
JNU,16,95
JNU,18,178
JNU,19,1262
JNU,20,317
JNU,21,1483
JNU,22,357
JNU,23,84
KOA,5,729
KOA,6,327
KOA,7,682
KOA,8,1356
KOA,9,1813
KOA,10,1613
KOA,11,3082
KOA,12,2187
KOA,13,3183
KOA,14,2863
KOA,15,2529
KOA,16,1837
KOA,17,1281
KOA,18,1134
KOA,19,2103
KOA,20,2056
KOA,21,1171
KOA,22,272
KTN,7,56
KTN,8,1199
KTN,9,58
KTN,10,95
KTN,11,82
KTN,12,745
KTN,13,150
KTN,14,185
KTN,15,30
KTN,16,1157
KTN,17,277
KTN,18,1
KTN,19,56
KTN,20,667
LAN,9,672
LAN,10,84
LAN,11,574
LAN,12,420
LAN,13,588
LAN,14,478
LAN,15,492
LAN,16,86
LAN,17,913
LAN,18,831
LAN,19,335
LAN,20,240
LAN,21,320
LAN,22,452
LAN,23,1692
LAR,13,94
LAR,14,84
LAR,15,328
LAR,16,1
LAR,19,6
LAR,20,74
LAR,21,297
LAR,22,148
LAR,23,171
LAS,0,4143
LAS,1,140
LAS,2,9
LAS,4,10
LAS,5,2
LAS,6,5008
LAS,7,13007
LAS,8,20763
LAS,9,16394
LAS,10,20637
LAS,11,18405
LAS,12,20566
LAS,13,18999
LAS,14,18593
LAS,15,16705
LAS,16,17836
LAS,17,20186
LAS,18,18910
LAS,19,19628
LAS,20,18744
LAS,21,24881
LAS,22,19774
LAS,23,15705
LAW,1,1
LAW,9,195
LAW,10,465
LAW,11,30
LAW,12,42
LAW,13,502
LAW,14,113
LAW,16,79
LAW,17,458
LAW,18,25
LAW,19,37
LAW,20,1
LAW,21,182
LAW,22,92
LAW,23,355
LAX,0,7741
LAX,1,1397
LAX,2,372
LAX,3,1
LAX,4,925
LAX,5,4836
LAX,6,7312
LAX,7,29929
LAX,8,35071
LAX,9,29063
LAX,10,30906
LAX,11,25816
LAX,12,26648
LAX,13,21395
LAX,14,29888
LAX,15,24331
LAX,16,24399
LAX,17,26463
LAX,18,28869
LAX,19,26929
LAX,20,34328
LAX,21,36564
LAX,22,21271
LAX,23,20749
LBB,0,22
LBB,1,4
LBB,7,59
LBB,8,55
LBB,9,995
LBB,10,289
LBB,11,1302
LBB,12,1037
LBB,13,1065
LBB,14,445
LBB,15,980
LBB,16,1299
LBB,17,990
LBB,18,483
LBB,19,598
LBB,20,880
LBB,21,372
LBB,22,1772
LBB,23,1429
LBE,9,52
LBE,11,160
LBE,12,134
LBE,13,103
LBE,14,374
LBE,15,5
LBE,16,58
LBE,17,22
LBE,18,470
LBE,19,68
LBE,21,70
LBE,22,638
LBF,13,229
LBF,14,56
LBF,15,212
LBF,16,7
LBF,17,1
LBF,21,2
LBF,22,652
LBL,15,151
LBL,16,293
LBL,17,40
LBL,18,98
LBL,22,1
LBL,23,575
LCH,10,117
LCH,11,821
LCH,12,212
LCH,13,188
LCH,15,416
LCH,16,1
LCH,17,696
LCH,18,1
LCH,19,11
LCH,20,21
LCH,21,147
LCH,22,1186
LCH,23,1
LCK,7,31
LCK,8,245
LCK,9,139
LCK,10,229
LCK,11,85
LCK,12,46
LCK,13,111
LCK,14,234
LCK,15,257
LCK,16,120
LCK,17,122
LCK,18,85
LCK,19,147
LCK,20,222
LCK,21,23
LEX,0,748
LEX,1,2
LEX,2,1
LEX,3,1
LEX,7,20
LEX,8,509
LEX,9,1734
LEX,10,1786
LEX,11,1001
LEX,12,461
LEX,13,1811
LEX,14,1285
LEX,15,1111
LEX,16,1428
LEX,17,1955
LEX,18,923
LEX,19,2402
LEX,20,898
LEX,21,1494
LEX,22,1123
LEX,23,3356
LFT,0,29
LFT,1,4
LFT,8,192
LFT,9,595
LFT,10,889
LFT,11,981
LFT,12,108
LFT,13,1269
LFT,14,211
LFT,15,751
LFT,16,71
LFT,17,1308
LFT,18,161
LFT,19,819
LFT,20,104
LFT,21,584
LFT,22,1164
LFT,23,307
LGA,0,353
LGA,1,1
LGA,2,1
LGA,5,3
LGA,6,1046
LGA,7,14206
LGA,8,17050
LGA,9,20428
LGA,10,24276
LGA,11,19282
LGA,12,19651
LGA,13,20366
LGA,14,22521
LGA,15,21711
LGA,16,20759
LGA,17,22322
LGA,18,20526
LGA,19,18952
LGA,20,18984
LGA,21,20974
LGA,22,13434
LGA,23,12968
LGB,7,899
LGB,8,1250
LGB,9,2472
LGB,10,3237
LGB,11,2024
LGB,12,2321
LGB,13,1195
LGB,14,1953
LGB,15,1848
LGB,16,2504
LGB,17,1864
LGB,18,1868
LGB,19,2504
LGB,20,3347
LGB,21,3434
LIH,5,314
LIH,6,909
LIH,7,536
LIH,8,1196
LIH,9,1251
LIH,10,1983
LIH,11,3225
LIH,12,2587
LIH,13,2663
LIH,14,2257
LIH,15,1988
LIH,16,1740
LIH,17,1046
LIH,18,1189
LIH,19,1290
LIH,20,2084
LIH,21,888
LIH,22,1003
LIH,23,1
LIT,0,128
LIT,1,8
LIT,2,2
LIT,7,48
LIT,8,1484
LIT,9,1192
LIT,10,1641
LIT,11,3207
LIT,12,590
LIT,13,1807
LIT,14,1323
LIT,15,2107
LIT,16,1582
LIT,17,2545
LIT,18,1591
LIT,19,1784
LIT,20,476
LIT,21,2553
LIT,22,1668
LIT,23,3182
LNK,2,1
LNK,9,6
LNK,10,1317
LNK,11,321
LNK,12,439
LNK,13,320
LNK,14,678
LNK,15,5
LNK,16,595
LNK,17,686
LNK,18,31
LNK,19,116
LNK,20,163
LNK,21,1372
LNK,22,916
LNK,23,18
LNY,6,107
LNY,8,26
LNY,9,660
LNY,10,26
LNY,11,612
LNY,12,1
LNY,13,557
LNY,14,119
LNY,15,540
LNY,16,134
LNY,17,69
LNY,19,658
LNY,20,16
LRD,0,10
LRD,1,4
LRD,10,700
LRD,11,687
LRD,12,319
LRD,13,65
LRD,14,98
LRD,15,935
LRD,16,167
LRD,17,127
LRD,18,263
LRD,19,209
LRD,20,87
LRD,21,34
LRD,22,1059
LRD,23,242
LSE,9,565
LSE,10,243
LSE,11,217
LSE,12,252
LSE,13,43
LSE,14,118
LSE,15,731
LSE,16,5
LSE,17,626
LSE,18,19
LSE,20,9
LSE,21,1373
LWB,9,394
LWB,11,9
LWB,13,1
LWB,14,182
LWB,16,130
LWB,17,300
LWB,18,175
LWB,19,1
LWS,10,218
LWS,11,569
LWS,12,108
LWS,16,480
LWS,18,2
LWS,20,195
LWS,21,156
LWS,22,402
LWS,23,189
LYH,8,570
LYH,9,26
LYH,10,586
LYH,11,14
LYH,12,62
LYH,13,264
LYH,14,223
LYH,15,238
LYH,17,517
LYH,18,163
LYH,19,377
LYH,20,7
LYH,21,218
LYH,22,99
LYH,23,637
MAF,0,56
MAF,1,21
MAF,7,62
MAF,8,376
MAF,9,1614
MAF,10,968
MAF,11,1542
MAF,12,855
MAF,13,1301
MAF,14,596
MAF,15,1125
MAF,16,1355
MAF,17,1221
MAF,18,1175
MAF,19,1183
MAF,20,134
MAF,21,1307
MAF,22,1436
MAF,23,2124
MBS,8,35
MBS,9,686
MBS,10,499
MBS,11,9
MBS,13,714
MBS,14,1
MBS,16,1259
MBS,17,109
MBS,18,2
MBS,19,35
MBS,20,440
MBS,21,929
MBS,22,379
MBS,23,749
MCI,0,2518
MCI,1,712
MCI,2,3
MCI,4,2
MCI,5,3
MCI,6,346
MCI,7,1665
MCI,8,4525
MCI,9,5515
MCI,10,7585
MCI,11,7388
MCI,12,4441
MCI,13,8033
MCI,14,7172
MCI,15,5895
MCI,16,7768
MCI,17,8484
MCI,18,6273
MCI,19,5903
MCI,20,4661
MCI,21,5575
MCI,22,8203
MCI,23,8594
MCO,0,6585
MCO,1,1511
MCO,2,44
MCO,3,70
MCO,4,1832
MCO,5,3527
MCO,6,4809
MCO,7,5478
MCO,8,13085
MCO,9,18148
MCO,10,16189
MCO,11,14859
MCO,12,12790
MCO,13,16154
MCO,14,15723
MCO,15,14451
MCO,16,18501
MCO,17,15814
MCO,18,16887
MCO,19,18035
MCO,20,17445
MCO,21,15736
MCO,22,13898
MCO,23,15179
MCO,24,58
MDT,0,31
MDT,1,1
MDT,3,2
MDT,8,135
MDT,9,1387
MDT,10,905
MDT,11,2224
MDT,12,399
MDT,13,2309
MDT,14,820
MDT,15,701
MDT,16,1865
MDT,17,2068
MDT,18,1000
MDT,19,1213
MDT,20,974
MDT,21,2256
MDT,22,1409
MDT,23,1519
MDW,0,3045
MDW,1,1211
MDW,5,192
MDW,6,4625
MDW,7,13304
MDW,8,8352
MDW,9,6050
MDW,10,7233
MDW,11,8806
MDW,12,12579
MDW,13,11824
MDW,14,7662
MDW,15,7159
MDW,16,9541
MDW,17,8892
MDW,18,12051
MDW,19,9587
MDW,20,12052
MDW,21,11158
MDW,22,5864
MDW,23,4920
MEI,6,297
MEI,7,1
MEI,9,296
MEI,11,104
MEI,12,14
MEI,14,26
MEI,15,274
MEI,16,1
MEI,17,163
MEI,18,367
MEI,19,7
MEI,20,351
MEI,21,3
MEI,22,100
MEI,23,11
MEM,0,406
MEM,1,16
MEM,3,2
MEM,4,1
MEM,5,8
MEM,7,103
MEM,8,1979
MEM,9,1890
MEM,10,4054
MEM,11,4499
MEM,12,2590
MEM,13,2608
MEM,14,3113
MEM,15,4308
MEM,16,2942
MEM,17,3311
MEM,18,3153
MEM,19,2213
MEM,20,3156
MEM,21,4755
MEM,22,2556
MEM,23,4261
MFE,0,77
MFE,1,9
MFE,7,13
MFE,8,483
MFE,9,390
MFE,10,706
MFE,11,537
MFE,12,862
MFE,13,751
MFE,14,176
MFE,15,599
MFE,16,1101
MFE,17,380
MFE,18,733
MFE,19,922
MFE,20,698
MFE,21,125
MFE,22,556
MFE,23,833
MFR,0,968
MFR,6,158
MFR,7,327
MFR,8,417
MFR,9,662
MFR,10,787
MFR,11,1579
MFR,12,1140
MFR,13,1332
MFR,14,1276
MFR,15,827
MFR,16,1346
MFR,17,1060
MFR,18,601
MFR,19,467
MFR,20,1103
MFR,21,977
MFR,22,1311
MFR,23,883
MGM,1,1
MGM,8,285
MGM,9,773
MGM,10,216
MGM,11,713
MGM,12,1009
MGM,13,734
MGM,14,218
MGM,15,587
MGM,16,680
MGM,17,572
MGM,18,443
MGM,19,66
MGM,20,229
MGM,21,676
MGM,22,1047
MGM,23,672
MHK,1,1
MHK,8,2
MHK,10,616
MHK,11,106
MHK,12,273
MHK,13,7
MHK,15,810
MHK,16,177
MHK,17,277
MHK,18,117
MHK,19,1
MHK,20,11
MHK,21,55
MHK,22,1156
MHK,23,74
MHT,0,1387
MHT,1,380
MHT,2,2
MHT,7,176
MHT,8,293
MHT,9,811
MHT,10,1053
MHT,11,1471
MHT,12,2103
MHT,13,733
MHT,14,1255
MHT,15,1116
MHT,16,2474
MHT,17,1453
MHT,18,963
MHT,19,632
MHT,20,322
MHT,21,901
MHT,22,1774
MHT,23,2830
MIA,0,2244
MIA,1,311
MIA,2,175
MIA,3,4
MIA,4,58
MIA,5,2947
MIA,6,1789
MIA,7,9343
MIA,8,5975
MIA,9,24775
MIA,10,8313
MIA,11,11054
MIA,12,6279
MIA,13,8755
MIA,14,12942
MIA,15,6944
MIA,16,14179
MIA,17,4041
MIA,18,11859
MIA,19,4781
MIA,20,21122
MIA,21,8348
MIA,22,5649
MIA,23,2782
MKE,0,793
MKE,1,459
MKE,6,179
MKE,7,859
MKE,8,3215
MKE,9,4286
MKE,10,3468
MKE,11,3725
MKE,12,2937
MKE,13,3893
MKE,14,3253
MKE,15,4303
MKE,16,5965
MKE,17,5022
MKE,18,4588
MKE,19,3814
MKE,20,4664
MKE,21,4039
MKE,22,4391
MKE,23,6450
MKG,9,149
MKG,10,117
MKG,12,337
MKG,13,68
MKG,14,25
MKG,17,251
MKG,18,1
MKG,20,24
MKG,21,93
MKG,22,1
MKG,23,301
MKK,6,62
MKK,7,654
MKK,8,6
MKK,10,1
MKK,11,36
MKK,15,647
MKK,16,1
MKK,17,539
MKK,18,172
MLB,0,28
MLB,9,67
MLB,10,677
MLB,11,343
MLB,12,16
MLB,13,883
MLB,14,234
MLB,15,37
MLB,16,996
MLB,17,132
MLB,18,77
MLB,19,12
MLB,20,322
MLB,21,227
MLB,22,665
MLB,23,297
MLI,1,1
MLI,7,26
MLI,8,150
MLI,9,625
MLI,10,1392
MLI,11,230
MLI,12,930
MLI,13,578
MLI,14,424
MLI,15,562
MLI,16,1825
MLI,17,877
MLI,18,416
MLI,19,91
MLI,20,1030
MLI,21,1325
MLI,22,2165
MLI,23,175
MLU,0,2
MLU,1,3
MLU,8,34
MLU,9,384
MLU,10,295
MLU,11,545
MLU,12,63
MLU,13,460
MLU,14,244
MLU,15,966
MLU,16,138
MLU,17,643
MLU,18,71
MLU,19,22
MLU,20,453
MLU,21,692
MLU,22,875
MLU,23,27
MMH,9,33
MMH,10,76
MMH,11,82
MMH,12,20
MMH,13,26
MMH,14,48
MMH,15,286
MMH,16,129
MMH,17,67
MMH,19,208
MOB,0,1
MOB,1,1
MOB,8,915
MOB,9,321
MOB,10,689
MOB,11,1108
MOB,12,492
MOB,13,1856
MOB,14,543
MOB,15,396
MOB,16,468
MOB,17,1175
MOB,18,1123
MOB,19,750
MOB,20,45
MOB,21,1132
MOB,22,962
MOB,23,1027
MOT,0,308
MOT,8,30
MOT,9,5
MOT,10,490
MOT,11,286
MOT,12,385
MOT,13,846
MOT,14,136
MOT,15,91
MOT,16,720
MOT,17,86
MOT,18,138
MOT,19,531
MOT,20,93
MOT,21,283
MOT,22,207
MOT,23,806
MQT,7,1
MQT,9,202
MQT,10,39
MQT,11,9
MQT,13,199
MQT,14,273
MQT,15,100
MQT,16,1
MQT,17,446
MQT,18,8
MQT,19,22
MQT,20,648
MQT,21,5
MQT,22,428
MQT,23,262
MRY,0,5
MRY,2,1
MRY,3,2
MRY,7,7
MRY,8,556
MRY,9,339
MRY,10,324
MRY,11,1028
MRY,12,671
MRY,13,774
MRY,14,230
MRY,15,931
MRY,16,483
MRY,17,148
MRY,18,396
MRY,19,271
MRY,20,475
MRY,21,638
MRY,22,410
MRY,23,995
MSN,0,6
MSN,1,2
MSN,2,4
MSN,3,2
MSN,6,32
MSN,7,380
MSN,8,1312
MSN,9,1129
MSN,10,1422
MSN,11,2219
MSN,12,2476
MSN,13,712
MSN,14,2863
MSN,15,2025
MSN,16,3719
MSN,17,1893
MSN,18,1956
MSN,19,854
MSN,20,797
MSN,21,993
MSN,22,3013
MSN,23,2703
MSO,0,147
MSO,8,40
MSO,9,375
MSO,10,794
MSO,11,768
MSO,12,1284
MSO,13,1297
MSO,14,409
MSO,15,570
MSO,16,1149
MSO,17,867
MSO,18,267
MSO,19,470
MSO,20,350
MSO,21,1092
MSO,22,298
MSO,23,1315
MSP,0,2911
MSP,1,356
MSP,2,8
MSP,4,88
MSP,5,2814
MSP,6,7357
MSP,7,16486
MSP,8,26224
MSP,9,16979
MSP,10,23405
MSP,11,10654
MSP,12,21042
MSP,13,23699
MSP,14,23073
MSP,15,8276
MSP,16,27933
MSP,17,15577
MSP,18,32768
MSP,19,22157
MSP,20,6844
MSP,21,17523
MSP,22,4959
MSP,23,9576
MSY,0,1757
MSY,1,592
MSY,2,1
MSY,3,1
MSY,4,44
MSY,5,334
MSY,6,439
MSY,7,2602
MSY,8,5912
MSY,9,5435
MSY,10,7773
MSY,11,6575
MSY,12,5465
MSY,13,5287
MSY,14,6493
MSY,15,8556
MSY,16,7588
MSY,17,9124
MSY,18,8644
MSY,19,6207
MSY,20,6028
MSY,21,4929
MSY,22,5477
MSY,23,7252
MTJ,8,90
MTJ,9,219
MTJ,10,513
MTJ,11,754
MTJ,12,1129
MTJ,13,221
MTJ,14,507
MTJ,15,364
MTJ,16,625
MTJ,17,242
MTJ,18,17
MTJ,19,48
MTJ,20,224
MTJ,21,487
MTJ,23,56
MVY,9,76
MVY,10,108
MVY,11,226
MVY,12,123
MVY,13,91
MVY,14,135
MVY,15,211
MVY,16,40
MVY,19,21
MYR,0,11
MYR,7,758
MYR,8,1328
MYR,9,700
MYR,10,2583
MYR,11,1347
MYR,12,2347
MYR,13,2176
MYR,14,1638
MYR,15,1919
MYR,16,1360
MYR,17,1790
MYR,18,390
MYR,19,756
MYR,20,1134
MYR,21,1361
MYR,22,1317
MYR,23,493
OAJ,0,2
OAJ,1,11
OAJ,8,320
OAJ,9,60
OAJ,10,1071
OAJ,11,12
OAJ,12,26
OAJ,13,1192
OAJ,14,31
OAJ,15,26
OAJ,16,281
OAJ,17,837
OAJ,18,432
OAJ,19,262
OAJ,20,102
OAJ,21,567
OAJ,22,681
OAJ,23,606
OAK,0,2349
OAK,1,73
OAK,6,807
OAK,7,5267
OAK,8,5556
OAK,9,7139
OAK,10,6122
OAK,11,6389
OAK,12,5536
OAK,13,4890
OAK,14,5009
OAK,15,4785
OAK,16,5431
OAK,17,5846
OAK,18,7498
OAK,19,6598
OAK,20,7374
OAK,21,7030
OAK,22,6033
OAK,23,6206
OGD,7,10
OGD,8,70
OGD,9,44
OGD,11,6
OGD,12,4
OGD,13,4
OGD,14,35
OGD,15,49
OGD,16,1
OGD,17,6
OGG,5,730
OGG,6,1083
OGG,7,1138
OGG,8,1370
OGG,9,3519
OGG,10,4200
OGG,11,6145
OGG,12,5267
OGG,13,4985
OGG,14,4537
OGG,15,3855
OGG,16,2434
OGG,17,3121
OGG,18,2250
OGG,19,2405
OGG,20,2493
OGG,21,1939
OGG,22,1167
OGG,23,22
OGS,8,2
OGS,9,75
OGS,10,64
OGS,11,11
OGS,12,3
OGS,14,132
OGS,15,4
OGS,16,30
OGS,17,28
OGS,18,100
OGS,19,32
OGS,20,79
OGS,23,59
OKC,0,388
OKC,1,43
OKC,2,3
OKC,4,1
OKC,7,523
OKC,8,492
OKC,9,2082
OKC,10,2475
OKC,11,3223
OKC,12,2883
OKC,13,3882
OKC,14,1302
OKC,15,3401
OKC,16,3803
OKC,17,3762
OKC,18,2453
OKC,19,3374
OKC,20,2708
OKC,21,3565
OKC,22,4408
OKC,23,4969
OMA,0,1102
OMA,1,227
OMA,2,3
OMA,7,35
OMA,8,2234
OMA,9,1515
OMA,10,4215
OMA,11,3421
OMA,12,3340
OMA,13,3405
OMA,14,3608
OMA,15,2793
OMA,16,3948
OMA,17,4818
OMA,18,2509
OMA,19,1959
OMA,20,2253
OMA,21,2329
OMA,22,4372
OMA,23,5633
OME,7,89
OME,8,8
OME,11,498
OME,12,95
OME,17,49
OME,18,112
OME,19,515
OME,20,1
OME,22,1
ONT,0,455
ONT,1,39
ONT,5,1
ONT,6,249
ONT,7,1047
ONT,8,2287
ONT,9,3874
ONT,10,2840
ONT,11,2650
ONT,12,1953
ONT,13,2103
ONT,14,1353
ONT,15,2769
ONT,16,2337
ONT,17,2310
ONT,18,3073
ONT,19,2732
ONT,20,2523
ONT,21,2887
ONT,22,3167
ONT,23,3605
ORD,0,5370
ORD,1,786
ORD,2,14
ORD,3,8
ORD,4,3175
ORD,5,9125
ORD,6,37993
ORD,7,46008
ORD,8,51765
ORD,9,44310
ORD,10,40282
ORD,11,49444
ORD,12,50723
ORD,13,42284
ORD,14,64815
ORD,15,26090
ORD,16,48908
ORD,17,50420
ORD,18,55180
ORD,19,47662
ORD,20,44964
ORD,21,24760
ORD,22,10051
ORD,23,11442
ORF,0,1098
ORF,1,142
ORF,3,3
ORF,7,186
ORF,8,1593
ORF,9,4046
ORF,10,2708
ORF,11,3387
ORF,12,3037
ORF,13,2845
ORF,14,3097
ORF,15,1810
ORF,16,3854
ORF,17,4510
ORF,18,2520
ORF,19,3033
ORF,20,1695
ORF,21,3564
ORF,22,3352
ORF,23,4662
ORH,0,79
ORH,9,1
ORH,12,1
ORH,14,36
ORH,15,743
ORH,16,569
ORH,17,575
ORH,18,1
ORH,19,1
ORH,21,11
ORH,22,226
ORH,23,501
OTH,11,23
OTH,12,11
OTH,13,641
OTH,14,34
OTZ,7,603
OTZ,11,90
OTZ,12,8
OTZ,17,362
OTZ,18,243
OTZ,19,83
OTZ,20,1
OWB,7,12
OWB,8,34
OWB,9,2
OWB,10,1
OWB,11,1
OWB,12,15
OWB,13,38
OWB,14,16
OWB,15,5
OWB,17,3
OWB,18,22
OWB,19,52
OWB,20,7
PAE,8,291
PAE,9,57
PAE,10,586
PAE,11,570
PAE,12,237
PAE,13,546
PAE,14,194
PAE,15,562
PAE,16,240
PAE,17,356
PAE,18,547
PAE,19,651
PAE,20,465
PAE,21,318
PAE,22,480
PAE,23,689
PAH,6,316
PAH,9,3
PAH,10,266
PAH,12,1
PAH,13,26
PAH,14,246
PAH,15,1
PAH,16,97
PAH,17,272
PAH,21,1
PAH,22,682
PAH,23,1
PBG,1,221
PBG,2,175
PBG,8,5
PBG,9,182
PBG,10,415
PBG,11,60
PBG,12,14
PBG,13,64
PBG,14,368
PBG,15,27
PBG,16,91
PBG,17,102
PBG,18,49
PBG,19,226
PBG,20,268
PBG,22,1
PBG,23,10
PBI,0,2096
PBI,1,165
PBI,2,11
PBI,3,1
PBI,7,13
PBI,8,676
PBI,9,2245
PBI,10,4254
PBI,11,5417
PBI,12,2728
PBI,13,2583
PBI,14,4364
PBI,15,3009
PBI,16,3406
PBI,17,2733
PBI,18,4023
PBI,19,2354
PBI,20,1418
PBI,21,2361
PBI,22,3453
PBI,23,3223
PDX,0,4299
PDX,1,190
PDX,2,373
PDX,3,7
PDX,4,165
PDX,5,2408
PDX,6,2546
PDX,7,4696
PDX,8,7913
PDX,9,7622
PDX,10,12470
PDX,11,10232
PDX,12,11465
PDX,13,8921
PDX,14,8910
PDX,15,7999
PDX,16,9986
PDX,17,8797
PDX,18,9303
PDX,19,10858
PDX,20,13205
PDX,21,11763
PDX,22,10000
PDX,23,8293
PGD,0,10
PGD,1,2
PGD,3,2
PGD,7,11
PGD,8,207
PGD,9,347
PGD,10,415
PGD,11,589
PGD,12,946
PGD,13,1758
PGD,14,645
PGD,15,323
PGD,16,417
PGD,17,481
PGD,18,527
PGD,19,873
PGD,20,1117
PGD,21,920
PGD,22,527
PGD,23,382
PGV,1,10
PGV,8,101
PGV,10,358
PGV,11,5
PGV,12,130
PGV,13,138
PGV,14,331
PGV,15,105
PGV,17,660
PGV,18,1
PGV,19,183
PGV,20,24
PGV,21,153
PGV,22,186
PGV,23,447
PHF,0,103
PHF,1,10
PHF,8,644
PHF,9,117
PHF,10,749
PHF,11,803
PHF,12,312
PHF,13,148
PHF,14,171
PHF,15,638
PHF,16,826
PHF,17,578
PHF,18,32
PHF,19,643
PHF,20,5
PHF,21,389
PHF,22,892
PHF,23,688
PHL,0,6145
PHL,1,860
PHL,2,9
PHL,3,37
PHL,4,372
PHL,5,2392
PHL,6,7847
PHL,7,28534
PHL,8,6237
PHL,9,28185
PHL,10,9075
PHL,11,18982
PHL,12,18771
PHL,13,9948
PHL,14,28409
PHL,15,12648
PHL,16,25275
PHL,17,23416
PHL,18,12033
PHL,19,27786
PHL,20,14408
PHL,21,4884
PHL,22,8329
PHL,23,6723
PHX,0,2827
PHX,1,543
PHX,2,10
PHX,5,283
PHX,6,8505
PHX,7,20130
PHX,8,18176
PHX,9,27969
PHX,10,19306
PHX,11,22164
PHX,12,23174
PHX,13,17478
PHX,14,20701
PHX,15,19380
PHX,16,17535
PHX,17,19691
PHX,18,20571
PHX,19,29367
PHX,20,23174
PHX,21,17381
PHX,22,12264
PHX,23,10102
PIA,0,1
PIA,1,3
PIA,5,1
PIA,7,38
PIA,8,304
PIA,9,633
PIA,10,991
PIA,11,446
PIA,12,885
PIA,13,786
PIA,14,836
PIA,15,690
PIA,16,480
PIA,17,818
PIA,18,469
PIA,19,193
PIA,20,1020
PIA,21,1148
PIA,22,2151
PIA,23,8
PIB,10,1
PIB,11,98
PIB,13,216
PIB,14,98
PIB,15,1
PIB,16,172
PIB,17,1
PIB,18,49
PIB,19,171
PIB,20,118
PIB,21,352
PIB,22,115
PIE,0,6
PIE,1,2
PIE,2,2
PIE,7,22
PIE,8,311
PIE,9,398
PIE,10,580
PIE,11,1064
PIE,12,1511
PIE,13,1822
PIE,14,967
PIE,15,533
PIE,16,777
PIE,17,1011
PIE,18,784
PIE,19,998
PIE,20,1246
PIE,21,904
PIE,22,1202
PIE,23,952
PIH,11,393
PIH,12,333
PIH,14,294
PIH,15,10
PIH,16,1
PIH,17,223
PIH,18,490
PIH,21,35
PIH,22,192
PIH,23,375
PIR,7,125
PIR,9,21
PIR,11,50
PIR,13,172
PIR,18,1
PIR,19,26
PIR,22,220
PIR,23,12
PIT,0,2961
PIT,1,438
PIT,2,2
PIT,3,4
PIT,4,9
PIT,5,85
PIT,6,989
PIT,7,1492
PIT,8,2253
PIT,9,5231
PIT,10,5464
PIT,11,5843
PIT,12,5589
PIT,13,5072
PIT,14,7129
PIT,15,4392
PIT,16,7498
PIT,17,6626
PIT,18,8402
PIT,19,5097
PIT,20,3505
PIT,21,4504
PIT,22,7418
PIT,23,8980
PLN,5,201
PLN,6,288
PLN,9,121
PLN,13,603
PLN,14,20
PLN,15,77
PLN,16,10
PLN,17,12
PLN,21,657
PLN,22,33
PNS,0,11
PNS,1,2
PNS,7,15
PNS,8,1207
PNS,9,1445
PNS,10,1734
PNS,11,1012
PNS,12,2153
PNS,13,1775
PNS,14,1207
PNS,15,1796
PNS,16,1176
PNS,17,880
PNS,18,2808
PNS,19,595
PNS,20,1822
PNS,21,1310
PNS,22,2052
PNS,23,916
PPG,6,26
PPG,21,215
PQI,10,5
PQI,11,362
PQI,20,3
PQI,21,17
PQI,22,62
PQI,23,386
PRC,11,3
PRC,13,67
PRC,14,187
PRC,15,45
PRC,16,7
PRC,17,57
PRC,19,117
PRC,20,121
PRC,21,240
PRC,22,91
PRC,23,20
PSC,0,697
PSC,1,1
PSC,2,2
PSC,7,87
PSC,8,609
PSC,9,53
PSC,10,556
PSC,11,1121
PSC,12,1307
PSC,13,718
PSC,14,685
PSC,15,746
PSC,16,1441
PSC,17,466
PSC,18,1105
PSC,19,117
PSC,20,871
PSC,21,1303
PSC,22,465
PSC,23,868
PSE,0,490
PSE,1,475
PSE,2,328
PSE,3,211
PSE,4,40
PSE,9,42
PSE,23,7
PSG,10,371
PSG,11,337
PSG,12,1
PSG,14,709
PSM,8,31
PSM,9,143
PSM,10,94
PSM,11,57
PSM,12,36
PSM,13,1
PSM,14,9
PSM,15,13
PSM,16,68
PSM,17,129
PSM,18,65
PSM,19,71
PSM,20,2
PSP,0,57
PSP,1,5
PSP,7,4
PSP,8,852
PSP,9,786
PSP,10,2199
PSP,11,1992
PSP,12,2589
PSP,13,1062
PSP,14,1353
PSP,15,682
PSP,16,1309
PSP,17,1410
PSP,18,1337
PSP,19,1315
PSP,20,1947
PSP,21,2203
PSP,22,1419
PSP,23,223
PUB,5,569
PUB,7,1
PUB,12,33
PUB,13,260
PUB,14,27
PUB,15,47
PUB,16,143
PUB,18,2
PUB,20,143
PUB,21,567
PUW,0,651
PUW,10,478
PUW,11,178
PUW,12,45
PUW,14,565
PUW,16,4
PUW,18,580
PVD,0,1741
PVD,1,695
PVD,2,5
PVD,5,125
PVD,6,53
PVD,7,99
PVD,8,1354
PVD,9,2267
PVD,10,1564
PVD,11,2240
PVD,12,3138
PVD,13,2670
PVD,14,2378
PVD,15,1904
PVD,16,3587
PVD,17,3147
PVD,18,2117
PVD,19,1302
PVD,20,1202
PVD,21,1942
PVD,22,3156
PVD,23,3041
PVU,7,10
PVU,8,118
PVU,9,237
PVU,10,96
PVU,11,46
PVU,12,51
PVU,13,166
PVU,14,223
PVU,15,215
PVU,16,40
PVU,17,13
PVU,18,26
PVU,19,6
PVU,20,14
PWM,0,792
PWM,1,3
PWM,2,1
PWM,7,393
PWM,8,214
PWM,9,1124
PWM,10,1987
PWM,11,2067
PWM,12,3063
PWM,13,1596
PWM,14,1779
PWM,15,1312
PWM,16,2595
PWM,17,2143
PWM,18,1830
PWM,19,978
PWM,20,545
PWM,21,1296
PWM,22,1926
PWM,23,3334
RAP,1,3
RAP,8,26
RAP,9,680
RAP,10,844
RAP,11,1806
RAP,12,1308
RAP,13,594
RAP,14,606
RAP,15,630
RAP,16,855
RAP,17,607
RAP,18,410
RAP,19,446
RAP,20,788
RAP,21,1053
RAP,22,364
RAP,23,586
RDD,8,102
RDD,9,422
RDD,10,159
RDD,11,72
RDD,13,17
RDD,14,3
RDD,16,61
RDD,17,618
RDD,18,1
RDD,19,16
RDD,20,74
RDD,21,372
RDD,22,354
RDD,23,202
RDM,0,1228
RDM,8,410
RDM,9,381
RDM,10,1103
RDM,11,1401
RDM,12,1597
RDM,13,561
RDM,14,1577
RDM,15,403
RDM,16,645
RDM,17,741
RDM,18,1195
RDM,19,541
RDM,20,1126
RDM,21,947
RDM,22,2081
RDM,23,713
RDU,0,3507
RDU,1,390
RDU,3,7
RDU,4,539
RDU,5,783
RDU,6,1020
RDU,7,2967
RDU,8,6200
RDU,9,6670
RDU,10,7536
RDU,11,8739
RDU,12,6158
RDU,13,7479
RDU,14,7645
RDU,15,7423
RDU,16,9510
RDU,17,10059
RDU,18,9419
RDU,19,9436
RDU,20,5590
RDU,21,7095
RDU,22,7171
RDU,23,8917
RFD,7,30
RFD,8,199
RFD,9,145
RFD,10,24
RFD,11,95
RFD,12,176
RFD,13,64
RFD,14,38
RFD,15,138
RFD,16,130
RFD,17,88
RFD,18,61
RFD,19,122
RFD,20,97
RFD,21,4
RHI,11,78
RHI,12,2
RHI,14,8
RHI,15,688
RHI,16,13
RHI,20,29
RHI,21,29
RHI,22,216
RHI,23,434
RIC,0,2485
RIC,1,13
RIC,3,3
RIC,7,402
RIC,8,1353
RIC,9,2695
RIC,10,3692
RIC,11,3562
RIC,12,3131
RIC,13,3588
RIC,14,2464
RIC,15,3664
RIC,16,4340
RIC,17,5233
RIC,18,2729
RIC,19,3133
RIC,20,1217
RIC,21,5291
RIC,22,3451
RIC,23,3834
RKS,8,2
RKS,9,1
RKS,11,2
RKS,12,12
RKS,14,24
RKS,16,613
RKS,17,19
RKS,18,2
RKS,19,130
RKS,20,264
RKS,21,307
RKS,22,1
RKS,23,3
RNO,0,859
RNO,1,24
RNO,6,63
RNO,7,673
RNO,8,1842
RNO,9,3711
RNO,10,3423
RNO,11,3163
RNO,12,3073
RNO,13,1503
RNO,14,2033
RNO,15,2452
RNO,16,2077
RNO,17,2935
RNO,18,2701
RNO,19,2562
RNO,20,2569
RNO,21,2679
RNO,22,2839
RNO,23,3800
ROA,0,1
ROA,1,6
ROA,2,1
ROA,3,2
ROA,7,75
ROA,8,739
ROA,9,530
ROA,10,1247
ROA,11,193
ROA,12,821
ROA,13,1605
ROA,14,954
ROA,15,607
ROA,16,805
ROA,17,1303
ROA,18,516
ROA,19,1148
ROA,20,1204
ROA,21,1072
ROA,22,492
ROA,23,945
ROC,0,1338
ROC,1,9
ROC,2,4
ROC,3,2
ROC,7,1
ROC,8,597
ROC,9,3459
ROC,10,2070
ROC,11,3746
ROC,12,1686
ROC,13,2112
ROC,14,3014
ROC,15,935
ROC,16,3189
ROC,17,3551
ROC,18,1961
ROC,19,575
ROC,20,1104
ROC,21,1267
ROC,22,1168
ROC,23,4744
ROC,24,24
ROP,12,65
ROP,14,86
ROW,0,47
ROW,9,514
ROW,10,160
ROW,11,305
ROW,14,411
ROW,15,65
ROW,16,374
ROW,17,154
ROW,18,1
ROW,19,19
ROW,20,1
ROW,21,15
ROW,22,240
ROW,23,393
RST,1,3
RST,9,782
RST,10,66
RST,11,490
RST,12,624
RST,13,78
RST,14,1321
RST,15,1204
RST,16,96
RST,17,731
RST,18,238
RST,19,163
RST,20,413
RST,21,995
RST,22,575
RST,23,331
RSW,0,1628
RSW,1,421
RSW,2,9
RSW,3,2
RSW,5,136
RSW,6,162
RSW,7,98
RSW,8,1394
RSW,9,4421
RSW,10,5025
RSW,11,5946
RSW,12,4074
RSW,13,4847
RSW,14,3555
RSW,15,4508
RSW,16,4231
RSW,17,4089
RSW,18,5003
RSW,19,3292
RSW,20,2759
RSW,21,3054
RSW,22,2612
RSW,23,4655
RSW,24,3
SAF,1,2
SAF,8,12
SAF,9,264
SAF,10,795
SAF,11,49
SAF,12,480
SAF,13,33
SAF,14,360
SAF,15,364
SAF,16,460
SAF,17,933
SAF,18,20
SAF,19,226
SAF,20,16
SAF,21,684
SAF,22,95
SAF,23,327
SAN,0,84
SAN,1,1
SAN,6,860
SAN,7,6636
SAN,8,10881
SAN,9,12860
SAN,10,14888
SAN,11,11298
SAN,12,11745
SAN,13,10808
SAN,14,10792
SAN,15,9578
SAN,16,10155
SAN,17,9765
SAN,18,9836
SAN,19,14001
SAN,20,12291
SAN,21,12030
SAN,22,14337
SAN,23,9505
SAT,0,2071
SAT,1,392
SAT,2,19
SAT,3,7
SAT,4,29
SAT,5,140
SAT,7,600
SAT,8,2590
SAT,9,3047
SAT,10,4067
SAT,11,6061
SAT,12,4087
SAT,13,5588
SAT,14,3743
SAT,15,5701
SAT,16,5997
SAT,17,6329
SAT,18,4234
SAT,19,3933
SAT,20,4670
SAT,21,5277
SAT,22,5930
SAT,23,8388
SAV,0,319
SAV,1,6
SAV,3,3
SAV,7,8
SAV,8,857
SAV,9,1941
SAV,10,2717
SAV,11,1849
SAV,12,2957
SAV,13,2038
SAV,14,2503
SAV,15,1734
SAV,16,2484
SAV,17,3531
SAV,18,1735
SAV,19,1945
SAV,20,747
SAV,21,2262
SAV,22,2449
SAV,23,3334
SBA,0,30
SBA,8,254
SBA,9,1524
SBA,10,1024
SBA,11,828
SBA,12,1086
SBA,13,1429
SBA,14,359
SBA,15,1685
SBA,16,1097
SBA,17,923
SBA,18,928
SBA,19,113
SBA,20,1007
SBA,21,1178
SBA,22,362
SBA,23,1068
SBN,0,19
SBN,5,5
SBN,6,123
SBN,8,91
SBN,9,815
SBN,10,540
SBN,11,1028
SBN,12,395
SBN,13,1241
SBN,14,245
SBN,15,1160
SBN,16,1396
SBN,17,1104
SBN,18,536
SBN,19,754
SBN,20,832
SBN,21,2146
SBN,22,1589
SBN,23,444
SBP,0,161
SBP,1,3
SBP,7,99
SBP,8,356
SBP,9,660
SBP,10,644
SBP,11,1307
SBP,12,862
SBP,13,394
SBP,14,84
SBP,15,1124
SBP,16,370
SBP,17,410
SBP,18,771
SBP,19,390
SBP,20,833
SBP,21,706
SBP,22,171
SBP,23,1082
SBY,0,3
SBY,8,69
SBY,9,131
SBY,10,77
SBY,11,795
SBY,12,217
SBY,13,49
SBY,14,202
SBY,15,260
SBY,16,80
SBY,17,104
SBY,18,162
SBY,19,610
SBY,20,173
SBY,21,458
SBY,22,394
SBY,23,1
SCC,8,60
SCC,9,624
SCC,10,36
SCC,13,204
SCC,14,285
SCC,15,7
SCC,16,588
SCC,17,126
SCE,0,2
SCE,1,1
SCE,3,1
SCE,8,19
SCE,9,724
SCE,10,531
SCE,11,376
SCE,12,552
SCE,13,689
SCE,14,768
SCE,15,86
SCE,16,634
SCE,17,1186
SCE,18,656
SCE,19,57
SCE,20,644
SCE,21,372
SCE,22,612
SCE,23,1117
SCK,7,54
SCK,8,91
SCK,9,64
SCK,10,17
SCK,11,51
SCK,12,104
SCK,13,104
SCK,14,196
SCK,15,115
SCK,16,248
SCK,17,60
SCK,18,170
SCK,19,105
SCK,20,329
SCK,21,58
SDF,0,2228
SDF,1,145
SDF,2,1
SDF,3,4
SDF,5,76
SDF,6,153
SDF,7,8
SDF,8,877
SDF,9,2256
SDF,10,3197
SDF,11,4109
SDF,12,2587
SDF,13,3342
SDF,14,3526
SDF,15,3356
SDF,16,2699
SDF,17,4544
SDF,18,2996
SDF,19,3353
SDF,20,2417
SDF,21,3695
SDF,22,3943
SDF,23,4553
SEA,0,4913
SEA,1,1347
SEA,2,1090
SEA,3,20
SEA,4,1496
SEA,5,5760
SEA,6,12802
SEA,7,9967
SEA,8,24313
SEA,9,16853
SEA,10,33119
SEA,11,14959
SEA,12,26768
SEA,13,10718
SEA,14,27606
SEA,15,10164
SEA,16,28581
SEA,17,13681
SEA,18,21104
SEA,19,18165
SEA,20,32600
SEA,21,21301
SEA,22,27953
SEA,23,9895
SFB,2,2
SFB,7,21
SFB,8,306
SFB,9,326
SFB,10,516
SFB,11,1472
SFB,12,2196
SFB,13,2149
SFB,14,1059
SFB,15,826
SFB,16,1031
SFB,17,1668
SFB,18,1236
SFB,19,1330
SFB,20,1386
SFB,21,1189
SFB,22,2054
SFB,23,1381
SFO,0,5919
SFO,1,2480
SFO,2,10
SFO,3,1
SFO,4,1365
SFO,5,2031
SFO,6,3050
SFO,7,17866
SFO,8,17479
SFO,9,28484
SFO,10,17693
SFO,11,22922
SFO,12,21327
SFO,13,17575
SFO,14,16206
SFO,15,20476
SFO,16,15530
SFO,17,16859
SFO,18,17553
SFO,19,22681
SFO,20,22977
SFO,21,27239
SFO,22,19405
SFO,23,13276
SFO,24,1
SGF,0,1
SGF,1,10
SGF,7,114
SGF,8,199
SGF,9,253
SGF,10,2364
SGF,11,1208
SGF,12,1431
SGF,13,1703
SGF,14,1299
SGF,15,1502
SGF,16,1084
SGF,17,1546
SGF,18,1124
SGF,19,787
SGF,20,1543
SGF,21,2462
SGF,22,1053
SGF,23,790
SGU,0,9
SGU,1,3
SGU,8,4
SGU,9,6
SGU,10,302
SGU,11,468
SGU,12,623
SGU,13,390
SGU,14,552
SGU,15,207
SGU,16,133
SGU,17,101
SGU,18,724
SGU,19,269
SGU,20,642
SGU,21,189
SGU,22,748
SGU,23,442
SHD,9,25
SHD,10,1
SHD,13,583
SHD,14,1
SHD,18,265
SHD,19,103
SHD,20,177
SHD,23,170
SHV,1,4
SHV,3,2
SHV,7,29
SHV,8,346
SHV,9,1141
SHV,10,619
SHV,11,300
SHV,12,683
SHV,13,1494
SHV,14,528
SHV,15,1182
SHV,16,988
SHV,17,891
SHV,18,469
SHV,19,1136
SHV,20,669
SHV,21,1144
SHV,22,855
SHV,23,1017
SIT,0,1
SIT,6,1
SIT,9,189
SIT,10,236
SIT,11,480
SIT,13,207
SIT,14,14
SIT,15,9
SIT,18,714
SIT,19,2
SIT,20,195
SIT,21,1
SIT,22,1
SIT,23,586
SJC,0,2
SJC,6,368
SJC,7,4006
SJC,8,7371
SJC,9,9135
SJC,10,7900
SJC,11,9023
SJC,12,8991
SJC,13,6393
SJC,14,6093
SJC,15,7510
SJC,16,6665
SJC,17,7314
SJC,18,9598
SJC,19,9445
SJC,20,8440
SJC,21,10323
SJC,22,12516
SJC,23,1321
SJT,1,1
SJT,9,101
SJT,10,595
SJT,13,399
SJT,14,222
SJT,15,343
SJT,16,53
SJT,17,543
SJT,18,164
SJT,19,94
SJT,20,11
SJT,21,166
SJT,22,1
SJT,23,546
SJU,0,1715
SJU,1,2206
SJU,2,1870
SJU,3,1269
SJU,4,307
SJU,5,331
SJU,6,150
SJU,7,462
SJU,8,1278
SJU,9,2126
SJU,10,1835
SJU,11,2653
SJU,12,4195
SJU,13,5364
SJU,14,4152
SJU,15,4752
SJU,16,2843
SJU,17,2358
SJU,18,1395
SJU,19,1151
SJU,20,1873
SJU,21,1897
SJU,22,2459
SJU,23,2305
SLC,0,3110
SLC,1,255
SLC,2,4
SLC,5,18
SLC,6,443
SLC,7,15590
SLC,8,15398
SLC,9,8041
SLC,10,25470
SLC,11,5199
SLC,12,10119
SLC,13,18834
SLC,14,17913
SLC,15,12044
SLC,16,23011
SLC,17,2588
SLC,18,4577
SLC,19,34801
SLC,20,8372
SLC,21,19133
SLC,22,6229
SLC,23,7534
SLN,11,64
SLN,12,468
SLN,16,113
SLN,17,422
SLN,23,506
SMF,0,2004
SMF,1,7
SMF,2,3
SMF,6,525
SMF,7,2012
SMF,8,6940
SMF,9,7030
SMF,10,5955
SMF,11,6988
SMF,12,6702
SMF,13,6741
SMF,14,4437
SMF,15,5989
SMF,16,5940
SMF,17,5411
SMF,18,7490
SMF,19,6851
SMF,20,7681
SMF,21,6398
SMF,22,7333
SMF,23,6781
SMX,7,5
SMX,8,70
SMX,9,44
SMX,10,18
SMX,11,2
SMX,12,7
SMX,13,25
SMX,14,22
SMX,15,45
SMX,16,99
SMX,17,25
SNA,7,1525
SNA,8,4168
SNA,9,6104
SNA,10,8963
SNA,11,5581
SNA,12,7107
SNA,13,4353
SNA,14,6148
SNA,15,5214
SNA,16,5003
SNA,17,4369
SNA,18,6625
SNA,19,5027
SNA,20,5740
SNA,21,7372
SNA,22,5032
SPI,1,1
SPI,7,7
SPI,8,540
SPI,9,101
SPI,11,6
SPI,12,5
SPI,13,6
SPI,14,594
SPI,15,224
SPI,16,193
SPI,17,294
SPI,18,166
SPI,19,2
SPI,20,655
SPI,21,45
SPI,22,656
SPN,0,27
SPN,3,150
SPN,7,142
SPN,8,575
SPN,13,151
SPN,15,13
SPN,17,262
SPN,21,150
SPS,1,4
SPS,9,112
SPS,10,538
SPS,11,29
SPS,13,63
SPS,14,191
SPS,15,351
SPS,16,73
SPS,17,216
SPS,19,5
SPS,20,4
SPS,21,94
SPS,23,536
SRQ,0,220
SRQ,1,2
SRQ,8,53
SRQ,9,787
SRQ,10,1531
SRQ,11,2442
SRQ,12,998
SRQ,13,999
SRQ,14,1656
SRQ,15,739
SRQ,16,864
SRQ,17,325
SRQ,18,1094
SRQ,19,559
SRQ,20,486
SRQ,21,555
SRQ,22,504
SRQ,23,927
STC,9,17
STC,10,25
STC,11,45
STC,12,29
STC,13,4
STC,14,3
STC,15,1
STC,16,14
STC,17,24
STC,18,37
STC,19,30
STC,20,42
STC,21,1
STL,0,2467
STL,1,663
STL,2,1
STL,3,2
STL,4,128
STL,5,577
STL,6,477
STL,7,6497
STL,8,6918
STL,9,9923
STL,10,9143
STL,11,6377
STL,12,9345
STL,13,7787
STL,14,7081
STL,15,12126
STL,16,8146
STL,17,6691
STL,18,13391
STL,19,7910
STL,20,11917
STL,21,6330
STL,22,6130
STL,23,7181
STS,7,136
STS,8,289
STS,9,449
STS,10,864
STS,11,583
STS,12,1267
STS,13,270
STS,14,270
STS,15,460
STS,16,427
STS,17,741
STS,18,548
STS,19,341
STS,20,62
STS,21,497
STS,22,271
STS,23,494
STT,7,208
STT,8,52
STT,9,129
STT,10,202
STT,11,34
STT,12,706
STT,13,1494
STT,14,1347
STT,15,1303
STT,16,684
STT,17,89
STX,7,13
STX,10,1
STX,12,158
STX,13,12
STX,14,667
STX,15,498
STX,16,114
STX,17,12
STX,20,75
STX,21,305
STX,22,110
STX,23,44
SUN,9,1
SUN,10,69
SUN,11,352
SUN,12,711
SUN,13,157
SUN,14,276
SUN,15,147
SUN,16,154
SUN,17,248
SUN,18,117
SUN,19,93
SUN,20,264
SUN,21,85
SUN,22,562
SUX,0,4
SUX,11,286
SUX,12,329
SUX,13,141
SUX,14,705
SUX,15,265
SUX,16,1
SUX,18,22
SUX,19,1
SUX,20,15
SUX,21,224
SUX,22,449
SWF,8,48
SWF,9,216
SWF,10,625
SWF,11,8
SWF,12,21
SWF,13,532
SWF,14,236
SWF,15,29
SWF,16,1243
SWF,17,933
SWF,18,216
SWF,19,666
SWF,20,46
SWF,21,40
SWF,22,607
SWO,1,3
SWO,11,17
SWO,12,77
SWO,13,589
SWO,14,5
SWO,17,230
SWO,18,1
SWO,19,37
SWO,20,2
SWO,21,336
SWO,22,52
SWO,23,271
SYR,0,848
SYR,1,3
SYR,3,3
SYR,7,73
SYR,8,1404
SYR,9,1811
SYR,10,2097
SYR,11,2992
SYR,12,1451
SYR,13,2386
SYR,14,2165
SYR,15,1105
SYR,16,1621
SYR,17,2599
SYR,18,2766
SYR,19,1022
SYR,20,1028
SYR,21,1394
SYR,22,1856
SYR,23,5172
SYR,24,12
TLH,0,141
TLH,3,1
TLH,7,52
TLH,8,170
TLH,9,324
TLH,10,1020
TLH,11,627
TLH,12,369
TLH,13,470
TLH,14,1146
TLH,15,913
TLH,16,634
TLH,17,932
TLH,18,597
TLH,19,1377
TLH,20,232
TLH,21,675
TLH,22,633
TLH,23,2123
TOL,0,201
TOL,8,147
TOL,9,162
TOL,10,670
TOL,11,41
TOL,12,8
TOL,13,721
TOL,14,26
TOL,15,72
TOL,16,344
TOL,17,378
TOL,18,140
TOL,19,37
TOL,20,40
TOL,21,149
TOL,22,573
TOL,23,356
TPA,0,2711
TPA,1,714
TPA,2,6
TPA,3,5
TPA,4,508
TPA,5,1105
TPA,6,660
TPA,7,2862
TPA,8,6129
TPA,9,7089
TPA,10,9881
TPA,11,11285
TPA,12,6140
TPA,13,8255
TPA,14,8369
TPA,15,9555
TPA,16,10036
TPA,17,9030
TPA,18,12235
TPA,19,8028
TPA,20,7741
TPA,21,8195
TPA,22,10822
TPA,23,8507
TRI,0,3
TRI,1,1
TRI,7,7
TRI,8,391
TRI,9,616
TRI,10,211
TRI,11,493
TRI,12,689
TRI,13,415
TRI,14,626
TRI,15,877
TRI,16,55
TRI,17,864
TRI,18,330
TRI,19,314
TRI,20,779
TRI,21,353
TRI,22,156
TRI,23,1042
TTN,0,12
TTN,8,88
TTN,9,401
TTN,10,524
TTN,11,240
TTN,12,327
TTN,13,370
TTN,14,237
TTN,15,255
TTN,16,155
TTN,17,421
TTN,18,499
TTN,19,96
TTN,20,377
TTN,21,252
TTN,22,685
TTN,23,475
TUL,0,252
TUL,1,8
TUL,2,4
TUL,7,191
TUL,8,458
TUL,9,2366
TUL,10,1650
TUL,11,3594
TUL,12,1632
TUL,13,3362
TUL,14,853
TUL,15,2374
TUL,16,2016
TUL,17,3065
TUL,18,2464
TUL,19,2429
TUL,20,857
TUL,21,2595
TUL,22,2218
TUL,23,3191
TUS,0,580
TUS,1,29
TUS,7,82
TUS,8,532
TUS,9,2204
TUS,10,3940
TUS,11,3659
TUS,12,2650
TUS,13,1781
TUS,14,1677
TUS,15,1536
TUS,16,2660
TUS,17,2385
TUS,18,1585
TUS,19,2062
TUS,20,2346
TUS,21,3356
TUS,22,3256
TUS,23,1929
TVC,0,436
TVC,2,1
TVC,8,11
TVC,9,1152
TVC,10,863
TVC,11,224
TVC,12,367
TVC,13,1081
TVC,14,591
TVC,15,863
TVC,16,807
TVC,17,1165
TVC,18,680
TVC,19,49
TVC,20,228
TVC,21,335
TVC,22,241
TVC,23,1255
TWF,11,308
TWF,12,415
TWF,14,188
TWF,15,6
TWF,16,1
TWF,17,269
TWF,18,393
TWF,21,48
TWF,22,28
TWF,23,545
TXK,1,1
TXK,9,121
TXK,10,527
TXK,11,1
TXK,13,392
TXK,14,234
TXK,17,132
TXK,18,292
TXK,19,24
TXK,20,3
TXK,21,337
TXK,22,163
TXK,23,151
TYR,1,2
TYR,9,264
TYR,10,378
TYR,11,72
TYR,12,179
TYR,13,578
TYR,14,15
TYR,15,17
TYR,16,44
TYR,17,393
TYR,18,292
TYR,19,1
TYR,20,1
TYR,21,472
TYR,23,178
TYS,0,589
TYS,1,6
TYS,2,2
TYS,3,4
TYS,6,26
TYS,7,21
TYS,8,832
TYS,9,1686
TYS,10,2269
TYS,11,3532
TYS,12,1186
TYS,13,1879
TYS,14,2828
TYS,15,2088
TYS,16,1784
TYS,17,3346
TYS,18,2141
TYS,19,3204
TYS,20,2146
TYS,21,2452
TYS,22,2391
TYS,23,4434
UIN,7,294
UIN,16,449
UIN,17,62
UIN,18,29
UIN,20,292
UIN,21,289
UIN,22,40
USA,7,111
USA,8,223
USA,9,150
USA,10,44
USA,11,47
USA,12,112
USA,13,223
USA,14,405
USA,15,225
USA,16,113
USA,17,94
USA,18,36
USA,19,111
USA,20,345
USA,21,87
USA,22,1
VEL,8,50
VEL,9,356
VEL,16,1
VEL,17,487
VEL,18,1
VLD,0,2
VLD,10,1
VLD,11,691
VLD,12,31
VLD,14,1
VLD,15,126
VLD,16,462
VLD,17,19
VLD,20,64
VLD,21,43
VLD,22,615
VPS,0,3
VPS,1,5
VPS,7,28
VPS,8,796
VPS,9,571
VPS,10,1138
VPS,11,836
VPS,12,1288
VPS,13,1709
VPS,14,1065
VPS,15,997
VPS,16,738
VPS,17,698
VPS,18,2032
VPS,19,908
VPS,20,844
VPS,21,652
VPS,22,1510
VPS,23,521
WRG,9,454
WRG,10,259
WRG,15,708
WYS,10,44
WYS,11,223
WYS,14,207
WYS,15,14
WYS,18,7
XNA,0,44
XNA,1,5
XNA,7,164
XNA,8,1526
XNA,9,1484
XNA,10,1171
XNA,11,2359
XNA,12,1415
XNA,13,2015
XNA,14,1687
XNA,15,1749
XNA,16,2232
XNA,17,2448
XNA,18,2235
XNA,19,1240
XNA,20,496
XNA,21,2855
XNA,22,1622
XNA,23,2404
XWA,10,14
XWA,11,29
XWA,12,47
XWA,14,75
XWA,16,80
XWA,19,6
XWA,22,49
XWA,23,98
YAK,10,212
YAK,11,488
YAK,17,641
YAK,18,68
YKM,0,305
YKM,9,112
YKM,10,54
YKM,11,520
YKM,13,56
YKM,14,535
YKM,15,3
YKM,16,30
YKM,18,274
YKM,19,154
YKM,21,88
YKM,23,309
YNG,16,1
YNG,17,1
YUM,0,9
YUM,8,51
YUM,9,344
YUM,10,192
YUM,11,100
YUM,12,106
YUM,13,98
YUM,14,29
YUM,15,134
YUM,16,381
YUM,17,205
YUM,19,427
YUM,20,464
YUM,21,29
YUM,22,399
YUM,23,314
